unique_id,program_id,program_name,program_name_en,program_type,program_variant,cluster,url,description,career_prospects,overall_opinion_score,first_year_female_pct,student_count,search_text
1184_0,1184,Technische Bedrijfskunde,Industrial Engineering & Management,Bachelor,Fulltime,Mechanical Engineering,https://www.dehaagsehogeschool.nl/opleidingen/hbo-bachelor/technische-bedrijfskunde,"Companies are jumping to people with both business and technical insight. If you own that, you have absolutely a dash for it. Let that be exactly what you learn during the Applied Business Administration programme. Take making an iPhone or designing a new building. Nothing is logical or self-evident. With a critical look you can see whether the production can be smarter or better, for example by buying raw materials cheaper. If you want to reduce the price or go looking for the cause, you may be able to contact a different target group. You are the link between technology and management and know how a company can produce faster or more sustainable. With this helicopter view, you can save companies a lot of money and time. During the Applied Business course, you learn to look at a company as an entrepreneur, (project) manager and advisor.","In Technische Bedrijfskunde you can create the competences of the entrepreneur, manager and advisor. In these roles you can continue. Our graduates work as marketing managers in a business-to-business environment, logistics managers or account managers. Others have project leader, organisational advisor or quality manager on their business card. They regularly find themselves in management teams.",3.4166666667000003,15.789,292.0,"Program name: Technische Bedrijfskunde
Program name (EN): Industrial Engineering & Management
Type: Bachelor | Variant: Fulltime
Cluster: Mechanical Engineering
URL: https://www.dehaagsehogeschool.nl/opleidingen/hbo-bachelor/technische-bedrijfskunde
Description: Companies are jumping to people with both business and technical insight. If you own that, you have absolutely a dash for it. Let that be exactly what you learn during the Applied Business Administration programme. Take making an iPhone or designing a new building. Nothing is logical or self-evident. With a critical look you can see whether the production can be smarter or better, for example by buying raw materials cheaper. If you want to reduce the price or go looking for the cause, you may be able to contact a different target group. You are the link between technology and management and know how a company can produce faster or more sustainable. With this helicopter view, you can save companies a lot of money and time. During the Applied Business course, you learn to look at a company as an entrepreneur, (project) manager and advisor.
Career prospects: In Technische Bedrijfskunde you can create the competences of the entrepreneur, manager and advisor. In these roles you can continue. Our graduates work as marketing managers in a business-to-business environment, logistics managers or account managers. Others have project leader, organisational advisor or quality manager on their business card. They regularly find themselves in management teams.
Overall opinion score: 3.4166666667000003
First-year female %: 15.789
Student count: 292.0
Unique ID: 1184_0"
3227_0,3227,Elektrotechniek,Electrical and Electronic Engineering,Bachelor,Fulltime,Electrical Engineering,https://www.dehaagsehogeschool.nl/opleidingen/hbo-bachelor/elektrotechniek-voltijd,"Smart technical solutions are needed to meet the climate goals. Do you want to contribute to the transformation into a sustainable society? In the programme Electrical engineering, design and realize smart solutions for, for example, sustainable use of energy. Together with students from other programmes and professionals from the field of work, you will address the challenges of this time! The Hague University of Applied Sciences gives you the tools to make the most impact on society. This way you will work on innovative and creative projects for healthcare, agriculture, transport and the energy sector.",Good news for electrotechnicians: the sector is healthy and very stable. Employers line up for our bachelors; sometimes they sponsor students before graduation. It is common for students from the Electrical Engineering programme to work at a company where they have been internship.,3.5365853659,3.509,222.0,"Program name: Elektrotechniek
Program name (EN): Electrical and Electronic Engineering
Type: Bachelor | Variant: Fulltime
Cluster: Electrical Engineering
URL: https://www.dehaagsehogeschool.nl/opleidingen/hbo-bachelor/elektrotechniek-voltijd
Description: Smart technical solutions are needed to meet the climate goals. Do you want to contribute to the transformation into a sustainable society? In the programme Electrical engineering, design and realize smart solutions for, for example, sustainable use of energy. Together with students from other programmes and professionals from the field of work, you will address the challenges of this time! The Hague University of Applied Sciences gives you the tools to make the most impact on society. This way you will work on innovative and creative projects for healthcare, agriculture, transport and the energy sector.
Career prospects: Good news for electrotechnicians: the sector is healthy and very stable. Employers line up for our bachelors; sometimes they sponsor students before graduation. It is common for students from the Electrical Engineering programme to work at a company where they have been internship.
Overall opinion score: 3.5365853659
First-year female %: 3.509
Student count: 222.0
Unique ID: 3227_0"
3227_2,3227,Elektrotechniek,Electrical and Electronic Engineering,Bachelor,Dual,Electrical Engineering,https://www.dehaagsehogeschool.nl/opleidingen/hbo-bachelor/elektrotechniek-duaal,"Many companies in the energy supply, telecommunications and high-tech industry are jumping for well-educated technicians. This dual Bachelor's programme in Electrical Engineering is a great step forward. During the programme you work 24 hours a week at an electrical engineering company. There you will get started with all the knowledge and skills you gain at school. Because of the solid theoretical basis you get there, you will look at systems: how can they be better, smarter and cheaper? You will develop electrotechnical systems that generate or convert energy and smart devices that communicate with each other. In doing so, you will work innovative, sustainable and ICT-driven. The class days take place in Delft, one of the technology hotspots of the Netherlands. There you will learn everything about the latest developments and you will work on a bright future.",Good news for electrotechnicians: the sector is healthy and very stable. Employers line up for our bachelors; sometimes they sponsor students before graduation. It is common for students from the Electrical Engineering programme to work at a company where they have been internship.,3.5365853659,3.509,222.0,"Program name: Elektrotechniek
Program name (EN): Electrical and Electronic Engineering
Type: Bachelor | Variant: Dual
Cluster: Electrical Engineering
URL: https://www.dehaagsehogeschool.nl/opleidingen/hbo-bachelor/elektrotechniek-duaal
Description: Many companies in the energy supply, telecommunications and high-tech industry are jumping for well-educated technicians. This dual Bachelor's programme in Electrical Engineering is a great step forward. During the programme you work 24 hours a week at an electrical engineering company. There you will get started with all the knowledge and skills you gain at school. Because of the solid theoretical basis you get there, you will look at systems: how can they be better, smarter and cheaper? You will develop electrotechnical systems that generate or convert energy and smart devices that communicate with each other. In doing so, you will work innovative, sustainable and ICT-driven. The class days take place in Delft, one of the technology hotspots of the Netherlands. There you will learn everything about the latest developments and you will work on a bright future.
Career prospects: Good news for electrotechnicians: the sector is healthy and very stable. Employers line up for our bachelors; sometimes they sponsor students before graduation. It is common for students from the Electrical Engineering programme to work at a company where they have been internship.
Overall opinion score: 3.5365853659
First-year female %: 3.509
Student count: 222.0
Unique ID: 3227_2"
4317_0,4317,Toegepaste Wiskunde,Applied Mathematics,Bachelor,Fulltime,Mathematics,https://www.dehaagsehogeschool.nl/opleidingen/hbo-bachelor/toegepaste-wiskunde-i-data-analytics,"Find a way to deliver packages climate-neutral and fast? Create an algorithm for Netflix? Determining locations of ambulance stations? Applied Mathematics tackles these challenges with mathematical models and data. An applied mathematician seeks solutions for practical matters and is in the middle of society. For example, you come up with the most efficient timetable for the NS, determine the best way for online flight rates or come up with smart encryption of bank data. Applied mathematics is a broad, practical and social field. Social? Yes, in this study you will learn how to transfer knowledge and follow your trainings in presenting, meeting and other communicative skills.","With Applied Mathematics you can go a lot. Mathematically trained people are wanted by companies, the government and various research institutions. Many business mathematics engineers, as researchers, advisors or analysts, come to a department where figures are produced on the basis of which management decisions are made. As a statistical researcher, you can also get to work in many places.",4.0192307692,31.667,191.0,"Program name: Toegepaste Wiskunde
Program name (EN): Applied Mathematics
Type: Bachelor | Variant: Fulltime
Cluster: Mathematics
URL: https://www.dehaagsehogeschool.nl/opleidingen/hbo-bachelor/toegepaste-wiskunde-i-data-analytics
Description: Find a way to deliver packages climate-neutral and fast? Create an algorithm for Netflix? Determining locations of ambulance stations? Applied Mathematics tackles these challenges with mathematical models and data. An applied mathematician seeks solutions for practical matters and is in the middle of society. For example, you come up with the most efficient timetable for the NS, determine the best way for online flight rates or come up with smart encryption of bank data. Applied mathematics is a broad, practical and social field. Social? Yes, in this study you will learn how to transfer knowledge and follow your trainings in presenting, meeting and other communicative skills.
Career prospects: With Applied Mathematics you can go a lot. Mathematically trained people are wanted by companies, the government and various research institutions. Many business mathematics engineers, as researchers, advisors or analysts, come to a department where figures are produced on the basis of which management decisions are made. As a statistical researcher, you can also get to work in many places.
Overall opinion score: 4.0192307692
First-year female %: 31.667
Student count: 191.0
Unique ID: 4317_0"
7318_0,7318,Technische Natuurkunde,Applied Physics,Bachelor,Fulltime,Applied Physics,https://www.dehaagsehogeschool.nl/opleidingen/hbo-bachelor/technische-natuurkunde,"Taking devices apart to see how they work. Diving into the lab to test and investigate. That curiosity comes in handy with the Applied Physics programme. As a real beta you learn from computer simulations and you don't see against mathematical formulas. For you, nothing is taken for granted. You use the laws of mother nature to create or achieve something. In the Applied Physics programme you dive into the technique of light, sound and mechanics for four years. You learn how to understand and apply physics in practice. You get theory, but you also carry out a lot of practical and projects. How nice is it to measure the acoustics of a theatre or experiment into energy saving? With mathematical models you describe and explain your measurements. You don't only know how something works, but also make it work. The world is at your feet. In the fourth year you choose a profile where you go for a semester in depth. Will Nanotechnology or Photonics get deeper theory? In both profiles you go further and explain your research.",Many students find their work in real physics jobs. Employment is currently very high. It is well known that our former students have found a lot of good positions in the field. The sectors in which most students find work are research & development (research & development) and engineering & manufacturing. Commercial functions and functions at consulting firms are also in the process of coming forward.,3.8255813953,17.857,251.0,"Program name: Technische Natuurkunde
Program name (EN): Applied Physics
Type: Bachelor | Variant: Fulltime
Cluster: Applied Physics
URL: https://www.dehaagsehogeschool.nl/opleidingen/hbo-bachelor/technische-natuurkunde
Description: Taking devices apart to see how they work. Diving into the lab to test and investigate. That curiosity comes in handy with the Applied Physics programme. As a real beta you learn from computer simulations and you don't see against mathematical formulas. For you, nothing is taken for granted. You use the laws of mother nature to create or achieve something. In the Applied Physics programme you dive into the technique of light, sound and mechanics for four years. You learn how to understand and apply physics in practice. You get theory, but you also carry out a lot of practical and projects. How nice is it to measure the acoustics of a theatre or experiment into energy saving? With mathematical models you describe and explain your measurements. You don't only know how something works, but also make it work. The world is at your feet. In the fourth year you choose a profile where you go for a semester in depth. Will Nanotechnology or Photonics get deeper theory? In both profiles you go further and explain your research.
Career prospects: Many students find their work in real physics jobs. Employment is currently very high. It is well known that our former students have found a lot of good positions in the field. The sectors in which most students find work are research & development (research & development) and engineering & manufacturing. Commercial functions and functions at consulting firms are also in the process of coming forward.
Overall opinion score: 3.8255813953
First-year female %: 17.857
Student count: 251.0
Unique ID: 7318_0"
7321_0,7321,Werktuigbouwkunde,Mechanical Engineering,Bachelor,Fulltime,Mechanical Engineering,https://www.dehaagsehogeschool.nl/opleidingen/hbo-bachelor/werktuigbouwkunde-voltijd,"Do you want to know exactly how machines are assembled? Do you want to break up everything? Are you excited about drones with sensors and Wi-Fi in your home? During the Mechanical Engineering programme you will investigate, design, maintain, build and improve constructions, machines, drive techniques, measurement and control techniques or connection principles. And, yes, it is also nice to know: there are plenty of jobs. You will learn everything in Mechanical Engineering about designing, building and improving constructions and machines. You will get subjects such as mathematics, mechanics, 3D modeling, energy learning and programming. In the third year of the study you will go into practice and do two internships. In the last year you will be able to go through the minors in a subject that you really like.",Mechanical engineers use the technique to make people's lives and work more pleasant. You can find them everywhere: from transport to engineering and from construction to the food industry. Everywhere they are wanted. They contribute to the fact that products are really made and that production processes run as they should.,3.745,9.559,510.0,"Program name: Werktuigbouwkunde
Program name (EN): Mechanical Engineering
Type: Bachelor | Variant: Fulltime
Cluster: Mechanical Engineering
URL: https://www.dehaagsehogeschool.nl/opleidingen/hbo-bachelor/werktuigbouwkunde-voltijd
Description: Do you want to know exactly how machines are assembled? Do you want to break up everything? Are you excited about drones with sensors and Wi-Fi in your home? During the Mechanical Engineering programme you will investigate, design, maintain, build and improve constructions, machines, drive techniques, measurement and control techniques or connection principles. And, yes, it is also nice to know: there are plenty of jobs. You will learn everything in Mechanical Engineering about designing, building and improving constructions and machines. You will get subjects such as mathematics, mechanics, 3D modeling, energy learning and programming. In the third year of the study you will go into practice and do two internships. In the last year you will be able to go through the minors in a subject that you really like.
Career prospects: Mechanical engineers use the technique to make people's lives and work more pleasant. You can find them everywhere: from transport to engineering and from construction to the food industry. Everywhere they are wanted. They contribute to the fact that products are really made and that production processes run as they should.
Overall opinion score: 3.745
First-year female %: 9.559
Student count: 510.0
Unique ID: 7321_0"
7321_2,7321,Werktuigbouwkunde,Mechanical Engineering,Bachelor,Dual,Mechanical Engineering,https://www.dehaagsehogeschool.nl/opleidingen/hbo-bachelor/werktuigbouwkunde-duaal,"Machines, constructions, installations: you want to know exactly how they work. Especially in order to shape and organize them even better. During the 4-year dual course in Mechanical Engineering, you will work on designing, building and improving propulsion techniques, measurement and control techniques, among others. You will work on mathematics, mechanics, 3D modelling, energy learning and programming. In the third year you will be internship twice and in the last year you will choose minors that fit your interests. Before you know it, it's time to graduate. With your degree you can get started anywhere in the world: South Africa, China, Nicaragua. We have contacts everywhere, so you have it for research.",Mechanical engineers use the technique to make people's lives and work more pleasant. You can find them everywhere: from transport to engineering and from construction to the food industry. Everywhere they are wanted. They contribute to the fact that products are really made and that production processes run as they should.,3.745,9.559,510.0,"Program name: Werktuigbouwkunde
Program name (EN): Mechanical Engineering
Type: Bachelor | Variant: Dual
Cluster: Mechanical Engineering
URL: https://www.dehaagsehogeschool.nl/opleidingen/hbo-bachelor/werktuigbouwkunde-duaal
Description: Machines, constructions, installations: you want to know exactly how they work. Especially in order to shape and organize them even better. During the 4-year dual course in Mechanical Engineering, you will work on designing, building and improving propulsion techniques, measurement and control techniques, among others. You will work on mathematics, mechanics, 3D modelling, energy learning and programming. In the third year you will be internship twice and in the last year you will choose minors that fit your interests. Before you know it, it's time to graduate. With your degree you can get started anywhere in the world: South Africa, China, Nicaragua. We have contacts everywhere, so you have it for research.
Career prospects: Mechanical engineers use the technique to make people's lives and work more pleasant. You can find them everywhere: from transport to engineering and from construction to the food industry. Everywhere they are wanted. They contribute to the fact that products are really made and that production processes run as they should.
Overall opinion score: 3.745
First-year female %: 9.559
Student count: 510.0
Unique ID: 7321_2"
8759_0,8759,Mechatronica,Mechatronics,Bachelor,Fulltime,Mechatronics,https://www.dehaagsehogeschool.nl/opleidingen/hbo-bachelor/mechatronica,"Mechatronics is indispensable for the industry, care, logistics, offshore, agriculture and horticulture, but more and more often also in homes and rehabilitation processes. Good to know: mechatronic engineers are needed. They make devices and systems ever smarter and better by combining mechanical engineering, electrical engineering and computer science. Do you like moving machines? Do you want to understand how they work? Do you like complicated puzzles to solve? Is your answer usually ""yes""? Then the programme Mechatronics at The Hague University of Applied Sciences is something for you! You then get a lot of knowledge about system science, mathematics, computer science, electrical engineering and mechanical engineering. And this knowledge applies you directly to projects. You then work on mechatronic applications in the Westland or the Port of Rotterdam. That's why you have to collaborate a lot, we also bring you to know how you work together.","The work of a mechatronicist consists mainly of working with intelligent systems in which electrical engineering, mechanics and computer science are integrated. You can use the competences you have acquired in the training (understanding, system thinking, modelling, planning, managing) in different professional roles.",3.58,12.5,284.0,"Program name: Mechatronica
Program name (EN): Mechatronics
Type: Bachelor | Variant: Fulltime
Cluster: Mechatronics
URL: https://www.dehaagsehogeschool.nl/opleidingen/hbo-bachelor/mechatronica
Description: Mechatronics is indispensable for the industry, care, logistics, offshore, agriculture and horticulture, but more and more often also in homes and rehabilitation processes. Good to know: mechatronic engineers are needed. They make devices and systems ever smarter and better by combining mechanical engineering, electrical engineering and computer science. Do you like moving machines? Do you want to understand how they work? Do you like complicated puzzles to solve? Is your answer usually ""yes""? Then the programme Mechatronics at The Hague University of Applied Sciences is something for you! You then get a lot of knowledge about system science, mathematics, computer science, electrical engineering and mechanical engineering. And this knowledge applies you directly to projects. You then work on mechatronic applications in the Westland or the Port of Rotterdam. That's why you have to collaborate a lot, we also bring you to know how you work together.
Career prospects: The work of a mechatronicist consists mainly of working with intelligent systems in which electrical engineering, mechanics and computer science are integrated. You can use the competences you have acquired in the training (understanding, system thinking, modelling, planning, managing) in different professional roles.
Overall opinion score: 3.58
First-year female %: 12.5
Student count: 284.0
Unique ID: 8759_0"
10945_0,10945,HBO-ICT,Information & Communication Technology,Bachelor,Fulltime,Computer Science,https://www.dehaagsehogeschool.nl/opleidingen/hbo-bachelor/hbo-ict,"With ICT you can really go all the way. Whizzkid you don't need to be for this study. Do you like to build websites, gaming or programming? You will learn it all in the HBO-ICT programme. Exciting topics such as big data and cybersecurity are also covered. From supertech to business advisor: with a diploma HBO-ICT in your pocket everything is possible. In the fast development of automation you are always one step ahead of everyone, because you follow that development closely and know exactly what is going on. The first half of the year is the same in all locations and you get to know ICT in full width. Then you make a choice for a particular direction: Business & Data Management (location The Hague), Information Security Management (location Zoetermeer), Innovation Development (location Zoetermeer), Network & Systems Engineering (location Delft) and Software Engineering (location The Hague).","The demand for smart systems is growing rapidly and thus the demand for technical informants. Between computer science and technology, you often have a big gap, which you can bridge. Your programme is wide enough to also fulfil more general ICT functions. Many students start working part-time during the course. They do advice, design and build systems, or work as an ICT, internet or network consultant. For an employer or in their own company.",3.6458333333,11.864,222.0,"Program name: HBO-ICT
Program name (EN): Information & Communication Technology
Type: Bachelor | Variant: Fulltime
Cluster: Computer Science
URL: https://www.dehaagsehogeschool.nl/opleidingen/hbo-bachelor/hbo-ict
Description: With ICT you can really go all the way. Whizzkid you don't need to be for this study. Do you like to build websites, gaming or programming? You will learn it all in the HBO-ICT programme. Exciting topics such as big data and cybersecurity are also covered. From supertech to business advisor: with a diploma HBO-ICT in your pocket everything is possible. In the fast development of automation you are always one step ahead of everyone, because you follow that development closely and know exactly what is going on. The first half of the year is the same in all locations and you get to know ICT in full width. Then you make a choice for a particular direction: Business & Data Management (location The Hague), Information Security Management (location Zoetermeer), Innovation Development (location Zoetermeer), Network & Systems Engineering (location Delft) and Software Engineering (location The Hague).
Career prospects: The demand for smart systems is growing rapidly and thus the demand for technical informants. Between computer science and technology, you often have a big gap, which you can bridge. Your programme is wide enough to also fulfil more general ICT functions. Many students start working part-time during the course. They do advice, design and build systems, or work as an ICT, internet or network consultant. For an employer or in their own company.
Overall opinion score: 3.6458333333
First-year female %: 11.864
Student count: 222.0
Unique ID: 10945_0"
20663_0,20663,Next Level Engineering,Next Level Engineering,Master,Fulltime,Electrical Engineering,https://www.dehaagsehogeschool.nl/opleidingen/hbo-master/master-next-level-engineering,"In this master's programme, a central role is played by transitions in society. This is because we think that being closely involved in changes provides an excellent way of learning to deal with changes. By creatively combining different techniques and key technologies, solutions become more sustainable, efficient and effective. You also learn to approach problems from less obvious perspectives and to also think and act with agility. This facilitates collaboration and innovations rise naturally. You can then create more opportunities for yourself on the job market.","As a versatile engineer, you can go in different directions. For example, get started with technical consulting firms, technical health companies or work with sustainable energy companies or smart industry. One thing is certain: with the luggage you take with you as a Next Level Engineer you are more than welcome everywhere!",3.4375,22.222,,"Program name: Next Level Engineering
Program name (EN): Next Level Engineering
Type: Master | Variant: Fulltime
Cluster: Electrical Engineering
URL: https://www.dehaagsehogeschool.nl/opleidingen/hbo-master/master-next-level-engineering
Description: In this master's programme, a central role is played by transitions in society. This is because we think that being closely involved in changes provides an excellent way of learning to deal with changes. By creatively combining different techniques and key technologies, solutions become more sustainable, efficient and effective. You also learn to approach problems from less obvious perspectives and to also think and act with agility. This facilitates collaboration and innovations rise naturally. You can then create more opportunities for yourself on the job market.
Career prospects: As a versatile engineer, you can go in different directions. For example, get started with technical consulting firms, technical health companies or work with sustainable energy companies or smart industry. One thing is certain: with the luggage you take with you as a Next Level Engineer you are more than welcome everywhere!
Overall opinion score: 3.4375
First-year female %: 22.222
Unique ID: 20663_0"
20737_1,20737,Technische Bedrijfskunde,Business Engineering: Management Engineering,Associate degree,Parttime,Mechanical Engineering,https://www.dehaagsehogeschool.nl/opleidingen/associate-degree/technische-bedrijfskunde,"Do you work as a professional in engineering and do you want to get to a higher level? With our Associate degree degree in Engineering in Engineering you will get a recognized HBO degree within 2 years. You will learn to manage, improve processes or advise on technical business issues. You will go to The Hague University of Applied Sciences one day a week. Everything you learn can be applied directly to your work. The practice is central and you have the possibility to put together a part of your programme yourself. As a result, you can do a lot of work and focus on your current and future work at HBO level. This way you will be and will remain attractive to employers. After your Associate degree in degree you can immediately transfer to the third and fourth year of the Bachelor's degree in Engineering in Business.",,4.333333333300001,0.0,14.0,"Program name: Technische Bedrijfskunde
Program name (EN): Business Engineering: Management Engineering
Type: Associate degree | Variant: Parttime
Cluster: Mechanical Engineering
URL: https://www.dehaagsehogeschool.nl/opleidingen/associate-degree/technische-bedrijfskunde
Description: Do you work as a professional in engineering and do you want to get to a higher level? With our Associate degree degree in Engineering in Engineering you will get a recognized HBO degree within 2 years. You will learn to manage, improve processes or advise on technical business issues. You will go to The Hague University of Applied Sciences one day a week. Everything you learn can be applied directly to your work. The practice is central and you have the possibility to put together a part of your programme yourself. As a result, you can do a lot of work and focus on your current and future work at HBO level. This way you will be and will remain attractive to employers. After your Associate degree in degree you can immediately transfer to the third and fourth year of the Bachelor's degree in Engineering in Business.
Overall opinion score: 4.333333333300001
First-year female %: 0.0
Student count: 14.0
Unique ID: 20737_1"
3088_0,3088,Sportkunde,Sport Studies,Bachelor,Fulltime,Sports and Exercise,https://www.dehaagsehogeschool.nl/opleidingen/hbo-bachelor/sportkunde,"In the full-time training Sports Studies, you don't study to physically move yourself, but to organize this for others. You become a sports manager. A real pro that allows a top sports team, municipality, sports association or multinational to go blind. A sports manager motivates people, has organizational talent, likes to innovate and seeks creative financial resources. You move people. Take a dance game for children, a virtual company outing or a master fundraising campaign on social media. Sports is a versatile, dynamic and creative profession. During your studies, you will make assignments that fit the tasks and skills of a sports manager. You can work every year. That can be with a football association, an event agency, a sports club or an internship abroad.",,3.7171717172,22.083,742.0,"Program name: Sportkunde
Program name (EN): Sport Studies
Type: Bachelor | Variant: Fulltime
Cluster: Sports and Exercise
URL: https://www.dehaagsehogeschool.nl/opleidingen/hbo-bachelor/sportkunde
Description: In the full-time training Sports Studies, you don't study to physically move yourself, but to organize this for others. You become a sports manager. A real pro that allows a top sports team, municipality, sports association or multinational to go blind. A sports manager motivates people, has organizational talent, likes to innovate and seeks creative financial resources. You move people. Take a dance game for children, a virtual company outing or a master fundraising campaign on social media. Sports is a versatile, dynamic and creative profession. During your studies, you will make assignments that fit the tasks and skills of a sports manager. You can work every year. That can be with a football association, an event agency, a sports club or an internship abroad.
Overall opinion score: 3.7171717172
First-year female %: 22.083
Student count: 742.0
Unique ID: 3088_0"
3121_0,3121,Huidtherapie,Skin Therapy,Bachelor,Fulltime,Physiotherapy,https://www.dehaagsehogeschool.nl/opleidingen/hbo-bachelor/huidtherapie-voltijd,"Find out how your skin therapy programme makes people's lives more beautiful. As a future skin therapist, you learn everything about the skin and the body. How to treat people with a skin disorder, such as acne, scars, oedema, overhair and (burn) wounds? You provide information, research and treat skin problems. You also learn how to talk to patients about their skin condition. This emotional side gets the necessary attention during the training, because patients can suffer from shame or grief. You apply medical knowledge in practice and watch how to improve the quality of life of patients. You do research, learn how to work together and practice your skills and treatment techniques in our skills labs. In addition to internships and practical research, you also choose a minor.",,3.720754717,100.0,560.0,"Program name: Huidtherapie
Program name (EN): Skin Therapy
Type: Bachelor | Variant: Fulltime
Cluster: Physiotherapy
URL: https://www.dehaagsehogeschool.nl/opleidingen/hbo-bachelor/huidtherapie-voltijd
Description: Find out how your skin therapy programme makes people's lives more beautiful. As a future skin therapist, you learn everything about the skin and the body. How to treat people with a skin disorder, such as acne, scars, oedema, overhair and (burn) wounds? You provide information, research and treat skin problems. You also learn how to talk to patients about their skin condition. This emotional side gets the necessary attention during the training, because patients can suffer from shame or grief. You apply medical knowledge in practice and watch how to improve the quality of life of patients. You do research, learn how to work together and practice your skills and treatment techniques in our skills labs. In addition to internships and practical research, you also choose a minor.
Overall opinion score: 3.720754717
First-year female %: 100.0
Student count: 560.0
Unique ID: 3121_0"
3121_1,3121,Huidtherapie,Skin Therapy,Bachelor,Parttime,Physiotherapy,https://www.dehaagsehogeschool.nl/opleidingen/hbo-bachelor/huidtherapie-deeltijd,"During the part-time course in skin therapy, you will learn everything about the treatment of pigment and hair defects, skin tumors, acne, scars, wounds, eczema and oedema. You will also work on your communication skills.,You will also work on practical research. You will deepen and broaden your knowledge at the cutting edge of medical and cosmetic treatments. This variant of the skin therapy programme is ideal for people who already work in beauty care or (para) medical care. Or who already have a bachelor's degree from another relevant education.",,3.720754717,100.0,560.0,"Program name: Huidtherapie
Program name (EN): Skin Therapy
Type: Bachelor | Variant: Parttime
Cluster: Physiotherapy
URL: https://www.dehaagsehogeschool.nl/opleidingen/hbo-bachelor/huidtherapie-deeltijd
Description: During the part-time course in skin therapy, you will learn everything about the treatment of pigment and hair defects, skin tumors, acne, scars, wounds, eczema and oedema. You will also work on your communication skills.,You will also work on practical research. You will deepen and broaden your knowledge at the cutting edge of medical and cosmetic treatments. This variant of the skin therapy programme is ideal for people who already work in beauty care or (para) medical care. Or who already have a bachelor's degree from another relevant education.
Overall opinion score: 3.720754717
First-year female %: 100.0
Student count: 560.0
Unique ID: 3121_1"
3127_0,3127,Communication and Multimedia Design,Communication & Multimedia Design,Bachelor,Fulltime,Media Studies,https://www.dehaagsehogeschool.nl/opleidingen/hbo-bachelor/communication-and-multimedia-design,"You can easily order your pizza online and listen to the latest music on your mobile. All these digital products and services have ever been designed, designed and created. Do you want to design apps or websites that make the world a little more beautiful or make your life easier? Communication & Multimedia Design (CMD) can do this. Here you learn how to design for the digital world. You apply all teaching material instantly. You follow seminars and carry out assignments in an online environment for, for example, visual design or front-end development (HTML/CSS). You also work on designs, prototypes and products for real clients that impact real users!","The perspective on the labour market is good. Interactive digital media can be found everywhere. Companies and organisations are increasingly profiling themselves through new media. To do so, they are looking for a professional approach to digital communication.",3.7896995708,64.929,710.0,"Program name: Communication and Multimedia Design
Program name (EN): Communication & Multimedia Design
Type: Bachelor | Variant: Fulltime
Cluster: Media Studies
URL: https://www.dehaagsehogeschool.nl/opleidingen/hbo-bachelor/communication-and-multimedia-design
Description: You can easily order your pizza online and listen to the latest music on your mobile. All these digital products and services have ever been designed, designed and created. Do you want to design apps or websites that make the world a little more beautiful or make your life easier? Communication & Multimedia Design (CMD) can do this. Here you learn how to design for the digital world. You apply all teaching material instantly. You follow seminars and carry out assignments in an online environment for, for example, visual design or front-end development (HTML/CSS). You also work on designs, prototypes and products for real clients that impact real users!
Career prospects: The perspective on the labour market is good. Interactive digital media can be found everywhere. Companies and organisations are increasingly profiling themselves through new media. To do so, they are looking for a professional approach to digital communication.
Overall opinion score: 3.7896995708
First-year female %: 64.929
Student count: 710.0
Unique ID: 3127_0"
3206_0,3206,Bouwkunde,Architecture and Construction Engineering,Bachelor,Fulltime,Architecture,https://www.dehaagsehogeschool.nl/opleidingen/hbo-bachelor/bouwkunde,"Safety. Climate effects. Housingkrapte. Energy transition. It's the complex challenges of our time. As an engineering engineer, you help the Netherlands forward with innovative construction solutions. If you easily calculate and draw, have spatial insight and are happy with a difficult puzzle, think about the Built Environment programme. Society requires innovative, dedicated and entrepreneurial professionals like you. During this study, you will explore, learn how to work together and solve problems. You will also learn how to apply and deepen your knowledge and skills in a creative and well-founded way.","Because of your study choices, you have already directed your career in a certain direction. Perhaps you can get started with a project developer or municipality or find a job as a technical artist at an architectural firm. Contractors often have job opportunities for job preparation and assistant project leaders for new construction and renovation projects.",3.7164179104,32.283,433.0,"Program name: Bouwkunde
Program name (EN): Architecture and Construction Engineering
Type: Bachelor | Variant: Fulltime
Cluster: Architecture
URL: https://www.dehaagsehogeschool.nl/opleidingen/hbo-bachelor/bouwkunde
Description: Safety. Climate effects. Housingkrapte. Energy transition. It's the complex challenges of our time. As an engineering engineer, you help the Netherlands forward with innovative construction solutions. If you easily calculate and draw, have spatial insight and are happy with a difficult puzzle, think about the Built Environment programme. Society requires innovative, dedicated and entrepreneurial professionals like you. During this study, you will explore, learn how to work together and solve problems. You will also learn how to apply and deepen your knowledge and skills in a creative and well-founded way.
Career prospects: Because of your study choices, you have already directed your career in a certain direction. Perhaps you can get started with a project developer or municipality or find a job as a technical artist at an architectural firm. Contractors often have job opportunities for job preparation and assistant project leaders for new construction and renovation projects.
Overall opinion score: 3.7164179104
First-year female %: 32.283
Student count: 433.0
Unique ID: 3206_0"
3244_0,3244,Chemische Technologie,Chemical Engineering,Bachelor,Fulltime,Chemistry and Chemical Engineering,https://www.dehaagsehogeschool.nl/opleidingen/hbo-bachelor/process-food-technology-4-jaars,"Do you want to help companies address the challenges of our time? Then the 4-year Process & Food Technology (PFT) degree programme let you get involved. You will be learning about the ins and outs of varous production processes, so you can help improve and renew them. Any interest in technology and science will be a great help.",,3.92,48.485,216.0,"Program name: Chemische Technologie
Program name (EN): Chemical Engineering
Type: Bachelor | Variant: Fulltime
Cluster: Chemistry and Chemical Engineering
URL: https://www.dehaagsehogeschool.nl/opleidingen/hbo-bachelor/process-food-technology-4-jaars
Description: Do you want to help companies address the challenges of our time? Then the 4-year Process & Food Technology (PFT) degree programme let you get involved. You will be learning about the ins and outs of varous production processes, so you can help improve and renew them. Any interest in technology and science will be a great help.
Overall opinion score: 3.92
First-year female %: 48.485
Student count: 216.0
Unique ID: 3244_0"
3262_0,3262,Civiele Techniek,Civil Engineering,Bachelor,Fulltime,Civil Engineering,https://www.dehaagsehogeschool.nl/opleidingen/hbo-bachelor/civiele-techniek,"As a civil engineer, you build the future. You make society more liveable, safer and more sustainable. During the Civil Engineering study you work on solutions in the field of infrastructure and water management. How do you design a viaduct, dike or sustainable railway? The Civil Engineering programme at The Hague University of Applied Sciences lasts four years and is wide-ranging. Themes such as constructions, traffic and transport, water and water engineering and more are extensively discussed. You learn which subsoils and building materials are all there and when you use something. You train skills like surveying, drawing, modelling and calculating, but also planning and communicating. Working together with your fellow students, but also with students from other programmes in the built environment (Built Environment).",In the Netherlands there is a need for well-educated civil engineers. This has been the case for a number of years. The skills you acquire in the Civil Engineering programme are of value in the labour market. About 90 percent of graduates have work within 3 months. For many students that is already at the time of graduation. Many new engineers quickly become involved in grand and sometimes also highly acclaiming projects.,3.6463414634,8.333,180.0,"Program name: Civiele Techniek
Program name (EN): Civil Engineering
Type: Bachelor | Variant: Fulltime
Cluster: Civil Engineering
URL: https://www.dehaagsehogeschool.nl/opleidingen/hbo-bachelor/civiele-techniek
Description: As a civil engineer, you build the future. You make society more liveable, safer and more sustainable. During the Civil Engineering study you work on solutions in the field of infrastructure and water management. How do you design a viaduct, dike or sustainable railway? The Civil Engineering programme at The Hague University of Applied Sciences lasts four years and is wide-ranging. Themes such as constructions, traffic and transport, water and water engineering and more are extensively discussed. You learn which subsoils and building materials are all there and when you use something. You train skills like surveying, drawing, modelling and calculating, but also planning and communicating. Working together with your fellow students, but also with students from other programmes in the built environment (Built Environment).
Career prospects: In the Netherlands there is a need for well-educated civil engineers. This has been the case for a number of years. The skills you acquire in the Civil Engineering programme are of value in the labour market. About 90 percent of graduates have work within 3 months. For many students that is already at the time of graduation. Many new engineers quickly become involved in grand and sometimes also highly acclaiming projects.
Overall opinion score: 3.6463414634
First-year female %: 8.333
Student count: 180.0
Unique ID: 3262_0"
3326_0,3326,Industrieel Product Ontwerpen,Industrial Design Engineering,Bachelor,Fulltime,Industrial Design Engineering,https://www.dehaagsehogeschool.nl/opleidingen/hbo-bachelor/industrieel-product-ontwerpen,"Industrial designers combine ingenuity with technical know-how. This is how they develop beautiful and innovative products. A lamp, a drone or a sports wheelchair; everything is designed and designed by someone. An industrial designer comes up with things that make life easier, more fun or more sustainable. In the Industrial Product Design (IPO) programme you learn that. In the first few weeks you will get started for a real client. Teachers will support you in doing so and explain everything about sketches, model construction and 3D-CAD. You will also receive courses such as production & materials, mathematics and design. Step by step you will learn what you need to know. During your internship you will notice that you are ready for practice. And after graduation you are an engineer.","If you are going to work for a small agency, it can be as a designer, developer, constructor or a combination of them. You can also set up your own agency. Then you are not the first bachelor of De Haagse to do so. Of course, large companies also need designers. In their design and development departments you have more opportunities to grow to the position of project leader. Industrial design is an international sector, where a lot of work is done across borders.",3.7435897436,55.102,524.0,"Program name: Industrieel Product Ontwerpen
Program name (EN): Industrial Design Engineering
Type: Bachelor | Variant: Fulltime
Cluster: Industrial Design Engineering
URL: https://www.dehaagsehogeschool.nl/opleidingen/hbo-bachelor/industrieel-product-ontwerpen
Description: Industrial designers combine ingenuity with technical know-how. This is how they develop beautiful and innovative products. A lamp, a drone or a sports wheelchair; everything is designed and designed by someone. An industrial designer comes up with things that make life easier, more fun or more sustainable. In the Industrial Product Design (IPO) programme you learn that. In the first few weeks you will get started for a real client. Teachers will support you in doing so and explain everything about sketches, model construction and 3D-CAD. You will also receive courses such as production & materials, mathematics and design. Step by step you will learn what you need to know. During your internship you will notice that you are ready for practice. And after graduation you are an engineer.
Career prospects: If you are going to work for a small agency, it can be as a designer, developer, constructor or a combination of them. You can also set up your own agency. Then you are not the first bachelor of De Haagse to do so. Of course, large companies also need designers. In their design and development departments you have more opportunities to grow to the position of project leader. Industrial design is an international sector, where a lot of work is done across borders.
Overall opinion score: 3.7435897436
First-year female %: 55.102
Student count: 524.0
Unique ID: 3326_0"
3390_0,3390,Finance & Control,Finance & Control,Bachelor,Fulltime,Business Economics,https://www.dehaagsehogeschool.nl/opleidingen/hbo-bachelor/finance-control-voltijd,"Recently, global businesses had to agree shortages in supply chains, rising energy prices and greener processes and products. Financial planning and risk management are key now regardless of business size. Our hands-on four-year International Financial Management Control (IFMC) programme, learns you how to help companies with addressing these challenges. To assist seizing new opportunities, seeing risk and cash management, working capital and optimal funding needs. You learn how to turn numbers into sustainable business growth. To improve our world and see the bigger picture. With the IFMC programme you will have a strong foundation for all finance related issues and skills that will get your money in the by","In an advisory position or as head of financial administration or financial analyst, you often find yourself in the financial-administrative department of a company. You have many opportunities for growth. You can also establish yourself as a self-employed person, both in the Netherlands and in the rest of the European Union. Finance, business processes and information. That's what it's all about for a financial expert. After studying Business Economics you are aware of all the internal financial aspects and you can design the financial policies of a company. In doing so you feel flawless about what external factors are important. When you write a financial report, you don't turn your hand. From your expertise you look for applications and opportunities to improve business. You work together with colleagues from other departments and report to the management. If you work with a small company, you will soon become the all-round financial professional. If you want to make a career in a medium or large company, you have many options.",3.7316017316,29.126,725.0,"Program name: Finance & Control
Program name (EN): Finance & Control
Type: Bachelor | Variant: Fulltime
Cluster: Business Economics
URL: https://www.dehaagsehogeschool.nl/opleidingen/hbo-bachelor/finance-control-voltijd
Description: Recently, global businesses had to agree shortages in supply chains, rising energy prices and greener processes and products. Financial planning and risk management are key now regardless of business size. Our hands-on four-year International Financial Management Control (IFMC) programme, learns you how to help companies with addressing these challenges. To assist seizing new opportunities, seeing risk and cash management, working capital and optimal funding needs. You learn how to turn numbers into sustainable business growth. To improve our world and see the bigger picture. With the IFMC programme you will have a strong foundation for all finance related issues and skills that will get your money in the by
Career prospects: In an advisory position or as head of financial administration or financial analyst, you often find yourself in the financial-administrative department of a company. You have many opportunities for growth. You can also establish yourself as a self-employed person, both in the Netherlands and in the rest of the European Union. Finance, business processes and information. That's what it's all about for a financial expert. After studying Business Economics you are aware of all the internal financial aspects and you can design the financial policies of a company. In doing so you feel flawless about what external factors are important. When you write a financial report, you don't turn your hand. From your expertise you look for applications and opportunities to improve business. You work together with colleagues from other departments and report to the management. If you work with a small company, you will soon become the all-round financial professional. If you want to make a career in a medium or large company, you have many options.
Overall opinion score: 3.7316017316
First-year female %: 29.126
Student count: 725.0
Unique ID: 3390_0"
3390_1,3390,Finance & Control,Finance & Control,Bachelor,Parttime,Business Economics,https://www.dehaagsehogeschool.nl/opleidingen/hbo-bachelor/finance-control-deeltijd,"In addition to your work as a financial professional, you want to deepen yourself and work on your future. Thanks to the four-year part-time programme Finance & Control, you will be of invaluable value to your organisation by providing thorough analysis and reliable advice. This programme is ideal for working financial experts because of its flexible design: you choose when you follow the modules and put the emphasis on them. With the course you will then get started in practice. By developing yourself, you will acquire the knowledge and skills to respond quickly to changes in your professional practice.","In an advisory position or as head of financial administration or financial analyst, you often find yourself in the financial-administrative department of a company. You have many opportunities for growth. You can also establish yourself as a self-employed person, both in the Netherlands and in the rest of the European Union. Finance, business processes and information. That's what it's all about for a financial expert. After studying Business Economics you are aware of all the internal financial aspects and you can design the financial policies of a company. In doing so you feel flawless about what external factors are important. When you write a financial report, you don't turn your hand. From your expertise you look for applications and opportunities to improve business. You work together with colleagues from other departments and report to the management. If you work with a small company, you will soon become the all-round financial professional. If you want to make a career in a medium or large company, you have many options.",3.7316017316,29.126,725.0,"Program name: Finance & Control
Program name (EN): Finance & Control
Type: Bachelor | Variant: Parttime
Cluster: Business Economics
URL: https://www.dehaagsehogeschool.nl/opleidingen/hbo-bachelor/finance-control-deeltijd
Description: In addition to your work as a financial professional, you want to deepen yourself and work on your future. Thanks to the four-year part-time programme Finance & Control, you will be of invaluable value to your organisation by providing thorough analysis and reliable advice. This programme is ideal for working financial experts because of its flexible design: you choose when you follow the modules and put the emphasis on them. With the course you will then get started in practice. By developing yourself, you will acquire the knowledge and skills to respond quickly to changes in your professional practice.
Career prospects: In an advisory position or as head of financial administration or financial analyst, you often find yourself in the financial-administrative department of a company. You have many opportunities for growth. You can also establish yourself as a self-employed person, both in the Netherlands and in the rest of the European Union. Finance, business processes and information. That's what it's all about for a financial expert. After studying Business Economics you are aware of all the internal financial aspects and you can design the financial policies of a company. In doing so you feel flawless about what external factors are important. When you write a financial report, you don't turn your hand. From your expertise you look for applications and opportunities to improve business. You work together with colleagues from other departments and report to the management. If you work with a small company, you will soon become the all-round financial professional. If you want to make a career in a medium or large company, you have many options.
Overall opinion score: 3.7316017316
First-year female %: 29.126
Student count: 725.0
Unique ID: 3390_1"
3390_2,3390,Finance & Control,Finance & Control,Bachelor,Dual,Business Economics,https://www.dehaagsehogeschool.nl/opleidingen/hbo-bachelor/finance-control-duaal,"With the 4-year dual Bachelor's programme Finance & Control, you combine your work and learning. You deepen and broaden your financial expertise and grow further within your field. For example, you will learn about the function of controller or financial manager. You will learn how to analyse and solve financial issues using cases and a business game. The last 2 years of the programme you will explore topics such as multiple value creation, risk management and leadership.","The labour market is ready for financial specialists. Each company needs expertise in finance. If you follow this programme, you have a lot of opportunities to take a step in your career. Become the specialist within a financial department of an organization as a controller, financial analyst or financial auditor. Or how about leading as a financial manager to a financial department? This bachelor opens doors to development and growth!",3.7316017316,29.126,725.0,"Program name: Finance & Control
Program name (EN): Finance & Control
Type: Bachelor | Variant: Dual
Cluster: Business Economics
URL: https://www.dehaagsehogeschool.nl/opleidingen/hbo-bachelor/finance-control-duaal
Description: With the 4-year dual Bachelor's programme Finance & Control, you combine your work and learning. You deepen and broaden your financial expertise and grow further within your field. For example, you will learn about the function of controller or financial manager. You will learn how to analyse and solve financial issues using cases and a business game. The last 2 years of the programme you will explore topics such as multiple value creation, risk management and leadership.
Career prospects: The labour market is ready for financial specialists. Each company needs expertise in finance. If you follow this programme, you have a lot of opportunities to take a step in your career. Become the specialist within a financial department of an organization as a controller, financial analyst or financial auditor. Or how about leading as a financial manager to a financial department? This bachelor opens doors to development and growth!
Overall opinion score: 3.7316017316
First-year female %: 29.126
Student count: 725.0
Unique ID: 3390_2"
3431_0,3431,Commerciële Economie,Marketing Management,Bachelor,Fulltime,Commercial Economics,https://www.dehaagsehogeschool.nl/opleidingen/hbo-bachelor/commerciele-economie-voltijd,"With the programme Commercial Economy, you will become a marketing expert in your field. In the first year, you will choose what field that is. You will choose Creative Marketing & Social Media? You will then go into the head of the consumer, follow trends and know how to use your research to identify needs. With targeted actions you will make a brand or company a success. Take global brands like Nike, Coca-Cola and Apple. These brands will tell a story or deliver a strong and convincing message. If you choose Data Driven Marketing, then you will learn what is needed to create a marketing organisation smartly. So you will make sure that customers feel personalised and the marketing budget is spent optimally. But also that companies are responsible and confidential with information about customers and buying behaviour. Do you want to know everything about e-commerce and e-mail marketing? Choose Digital Marketing & Sales?","With the insight into the market mechanisms that you have as a commercial economist, you can work in all kinds of organisations, both in business and in government. For example, you can become an account manager or marketing planner, consultant or market researcher.",3.65625,37.589,517.0,"Program name: Commerciële Economie
Program name (EN): Marketing Management
Type: Bachelor | Variant: Fulltime
Cluster: Commercial Economics
URL: https://www.dehaagsehogeschool.nl/opleidingen/hbo-bachelor/commerciele-economie-voltijd
Description: With the programme Commercial Economy, you will become a marketing expert in your field. In the first year, you will choose what field that is. You will choose Creative Marketing & Social Media? You will then go into the head of the consumer, follow trends and know how to use your research to identify needs. With targeted actions you will make a brand or company a success. Take global brands like Nike, Coca-Cola and Apple. These brands will tell a story or deliver a strong and convincing message. If you choose Data Driven Marketing, then you will learn what is needed to create a marketing organisation smartly. So you will make sure that customers feel personalised and the marketing budget is spent optimally. But also that companies are responsible and confidential with information about customers and buying behaviour. Do you want to know everything about e-commerce and e-mail marketing? Choose Digital Marketing & Sales?
Career prospects: With the insight into the market mechanisms that you have as a commercial economist, you can work in all kinds of organisations, both in business and in government. For example, you can become an account manager or marketing planner, consultant or market researcher.
Overall opinion score: 3.65625
First-year female %: 37.589
Student count: 517.0
Unique ID: 3431_0"
3431_1,3431,Commerciële Economie,Marketing Management,Bachelor,Parttime,Commercial Economics,https://www.dehaagsehogeschool.nl/opleidingen/hbo-bachelor/commerciele-economie-marketing-management,"Consumer behavior and market mechanisms, that's what the Marketing Management programme is all about. You'll soon know how to make a thorough competitive analysis and a winning marketing strategy. You'll think of opportunities and opportunities and tackle them with both hands. You'll develop this valuable quality further in this flexible and practical part-time education. Ideal for the professional working! You'll choose the order in which you work on modules and put the emphasis on during this four-year study. In short, develop a perfect basis for a lifetime. You'll always be attractive to employers. You'll always be one step ahead of the future, because you have the knowledge and skills to adapt quickly to the changes in professional practice.","With the insight into the market mechanisms that you have as a commercial economist, you can work in all kinds of organisations, both in business and in government. For example, you can become an account manager or marketing planner, consultant or market researcher.",3.65625,37.589,517.0,"Program name: Commerciële Economie
Program name (EN): Marketing Management
Type: Bachelor | Variant: Parttime
Cluster: Commercial Economics
URL: https://www.dehaagsehogeschool.nl/opleidingen/hbo-bachelor/commerciele-economie-marketing-management
Description: Consumer behavior and market mechanisms, that's what the Marketing Management programme is all about. You'll soon know how to make a thorough competitive analysis and a winning marketing strategy. You'll think of opportunities and opportunities and tackle them with both hands. You'll develop this valuable quality further in this flexible and practical part-time education. Ideal for the professional working! You'll choose the order in which you work on modules and put the emphasis on during this four-year study. In short, develop a perfect basis for a lifetime. You'll always be attractive to employers. You'll always be one step ahead of the future, because you have the knowledge and skills to adapt quickly to the changes in professional practice.
Career prospects: With the insight into the market mechanisms that you have as a commercial economist, you can work in all kinds of organisations, both in business and in government. For example, you can become an account manager or marketing planner, consultant or market researcher.
Overall opinion score: 3.65625
First-year female %: 37.589
Student count: 517.0
Unique ID: 3431_1"
3431_2,3431,Commerciële Economie,Marketing Management,Bachelor,Dual,Commercial Economics,https://www.dehaagsehogeschool.nl/opleidingen/hbo-bachelor/commerciele-economie-marketing-management-duaal,"Are you a commercial talent and would like to learn more about marketing, consumer behaviour and market mechanisms? In addition to your work, start with the dual programme Commercial Economy Marketing Management. You go to school 2 days a week to learn everything about data analysis, online marketing, marketing strategies and value creation. You then put that knowledge and skills into practice immediately. As a marketing expert you can be widely deployed. Therefore, during this programme you will work together with students from other programmes and with other backgrounds. You will learn from each other and become an independent, all-round marketer who can bring the online presence of an organisation to a higher level.","After following this programme, you have every opportunity and opportunity to prove yourself as a brand specialist, online marketer or content specialist. As a marketing expert, you give advice on offline and online marketing and sales. In short, as an HBO-trained professional, you are more than welcome to any commercial company that wants to storm the market with creative and innovative business models.",3.65625,37.589,517.0,"Program name: Commerciële Economie
Program name (EN): Marketing Management
Type: Bachelor | Variant: Dual
Cluster: Commercial Economics
URL: https://www.dehaagsehogeschool.nl/opleidingen/hbo-bachelor/commerciele-economie-marketing-management-duaal
Description: Are you a commercial talent and would like to learn more about marketing, consumer behaviour and market mechanisms? In addition to your work, start with the dual programme Commercial Economy Marketing Management. You go to school 2 days a week to learn everything about data analysis, online marketing, marketing strategies and value creation. You then put that knowledge and skills into practice immediately. As a marketing expert you can be widely deployed. Therefore, during this programme you will work together with students from other programmes and with other backgrounds. You will learn from each other and become an independent, all-round marketer who can bring the online presence of an organisation to a higher level.
Career prospects: After following this programme, you have every opportunity and opportunity to prove yourself as a brand specialist, online marketer or content specialist. As a marketing expert, you give advice on offline and online marketing and sales. In short, as an HBO-trained professional, you are more than welcome to any commercial company that wants to storm the market with creative and innovative business models.
Overall opinion score: 3.65625
First-year female %: 37.589
Student count: 517.0
Unique ID: 3431_2"
3488_0,3488,Communicatie,Communication,Bachelor,Fulltime,Communication,https://www.dehaagsehogeschool.nl/opleidingen/hbo-bachelor/communicatie-voltijd,"Do you want to become a communication professional who knows the trends and target groups and is able to convey a message? During the programme Communication, you develop a broad basis that allows you to work at government institutions, organisations or creative start-ups later. For example, think cool campaigns for societal problems or put in the right advertising strategy. Communication is a huge field of expertise, so you choose a specialization in the third year. For example, follow the minor Journalism if you want to become a reporter. In this small-scale programme you get assigned your own coach. Also, you can count on the right support and guidance of our teachers. Study association Zin to get to know the city of The Hague? At the study association of the programme Communication you make friends around the world. Making fun is important, so you can join the city or go sports club of De Haagse Hogeschool. Do you like several fields of expertise? Our new programme Management & Organisation Track combines the fields of business, Human Resource Management, Facility Management and Communication.","After the programme, you can start working as a PR employee, policy officer, account manager, communication consultant or project coordinator. Your field of work is with companies, the government or organisations (profit and non-profit). You can also work as a self-employed person.",3.6912280702,81.437,540.0,"Program name: Communicatie
Program name (EN): Communication
Type: Bachelor | Variant: Fulltime
Cluster: Communication
URL: https://www.dehaagsehogeschool.nl/opleidingen/hbo-bachelor/communicatie-voltijd
Description: Do you want to become a communication professional who knows the trends and target groups and is able to convey a message? During the programme Communication, you develop a broad basis that allows you to work at government institutions, organisations or creative start-ups later. For example, think cool campaigns for societal problems or put in the right advertising strategy. Communication is a huge field of expertise, so you choose a specialization in the third year. For example, follow the minor Journalism if you want to become a reporter. In this small-scale programme you get assigned your own coach. Also, you can count on the right support and guidance of our teachers. Study association Zin to get to know the city of The Hague? At the study association of the programme Communication you make friends around the world. Making fun is important, so you can join the city or go sports club of De Haagse Hogeschool. Do you like several fields of expertise? Our new programme Management & Organisation Track combines the fields of business, Human Resource Management, Facility Management and Communication.
Career prospects: After the programme, you can start working as a PR employee, policy officer, account manager, communication consultant or project coordinator. Your field of work is with companies, the government or organisations (profit and non-profit). You can also work as a self-employed person.
Overall opinion score: 3.6912280702
First-year female %: 81.437
Student count: 540.0
Unique ID: 3488_0"
3534_0,3534,Accountancy,Accountancy,Bachelor,Fulltime,Accountancy and Taxation,https://www.dehaagsehogeschool.nl/opleidingen/hbo-bachelor/accountancy-voltijd,"Figures captivate you. This way you always check whether the receipt is correct and whether the discount has been passed on correctly. In the course Accountancy in The Hague, it's not only about numbers, but also about making and keeping organisations financially healthy. During the course, you're not constantly stuck in the books. You learn how to do it. That's not only more fun, but also more effective. You understand how numbers work and know the story behind it. This way you know how to make clear business analyses and control accounts. This way you grow into a professional with good social skills and knowledge of the latest technologies.","With your Bachelor's degree in Accountancy you have many opportunities on the labour market. You can get started as an assistant accountant or controller. For example, at an audit firm, company or government institution. A management function is also possible, for example as an advisor to the management. After your HBO programme you are not an accountant yet. To do this, you need to have sufficient work experience and study further for the AA or RA title.",3.4166666667000003,32.773,345.0,"Program name: Accountancy
Program name (EN): Accountancy
Type: Bachelor | Variant: Fulltime
Cluster: Accountancy and Taxation
URL: https://www.dehaagsehogeschool.nl/opleidingen/hbo-bachelor/accountancy-voltijd
Description: Figures captivate you. This way you always check whether the receipt is correct and whether the discount has been passed on correctly. In the course Accountancy in The Hague, it's not only about numbers, but also about making and keeping organisations financially healthy. During the course, you're not constantly stuck in the books. You learn how to do it. That's not only more fun, but also more effective. You understand how numbers work and know the story behind it. This way you know how to make clear business analyses and control accounts. This way you grow into a professional with good social skills and knowledge of the latest technologies.
Career prospects: With your Bachelor's degree in Accountancy you have many opportunities on the labour market. You can get started as an assistant accountant or controller. For example, at an audit firm, company or government institution. A management function is also possible, for example as an advisor to the management. After your HBO programme you are not an accountant yet. To do this, you need to have sufficient work experience and study further for the AA or RA title.
Overall opinion score: 3.4166666667000003
First-year female %: 32.773
Student count: 345.0
Unique ID: 3534_0"
3627_0,3627,Ondernemerschap & Retail Management,Entrepreneurship & Retail Management,Bachelor,Fulltime,Small Business and Retail Management,https://www.dehaagsehogeschool.nl/opleidingen/hbo-bachelor/ondernemerschap-retail-management-voltijd,"Maybe you sold lemonade or earned your first money with car washes. Entrepreneurship, managing and guiding a store or business. Putting your hands out of your sleeves and doing something for and with society. Are you such a doer with thinking power? Then learn and experience the programme Entrepreneurship & Retail how to put a webshop, service or product well into the market. Retail is in full swing. Shopping in a shopping street is not natural anymore and we buy more and more online. In Entrepreneurship & Retail Management we train doers with thinking power. Entrepreneurship mainly teaches you how to do. So everything you learn during lectures, you commit to projects. Over the last two years, you specialize in entrepreneurship or retail.","You can start your own business as an independent entrepreneur or take over an existing business. Furthermore, you can start working in retail, as a manager in retail or wholesale. Or think of functions as a branch or department manager, account manager or product manager.",3.3116883117,25.269,619.0,"Program name: Ondernemerschap & Retail Management
Program name (EN): Entrepreneurship & Retail Management
Type: Bachelor | Variant: Fulltime
Cluster: Small Business and Retail Management
URL: https://www.dehaagsehogeschool.nl/opleidingen/hbo-bachelor/ondernemerschap-retail-management-voltijd
Description: Maybe you sold lemonade or earned your first money with car washes. Entrepreneurship, managing and guiding a store or business. Putting your hands out of your sleeves and doing something for and with society. Are you such a doer with thinking power? Then learn and experience the programme Entrepreneurship & Retail how to put a webshop, service or product well into the market. Retail is in full swing. Shopping in a shopping street is not natural anymore and we buy more and more online. In Entrepreneurship & Retail Management we train doers with thinking power. Entrepreneurship mainly teaches you how to do. So everything you learn during lectures, you commit to projects. Over the last two years, you specialize in entrepreneurship or retail.
Career prospects: You can start your own business as an independent entrepreneur or take over an existing business. Furthermore, you can start working in retail, as a manager in retail or wholesale. Or think of functions as a branch or department manager, account manager or product manager.
Overall opinion score: 3.3116883117
First-year female %: 25.269
Student count: 619.0
Unique ID: 3627_0"
3627_1,3627,Ondernemerschap & Retail Management,Entrepreneurship & Retail Management,Bachelor,Parttime,Small Business and Retail Management,https://www.dehaagsehogeschool.nl/opleidingen/hbo-bachelor/ondernemerschap-retail-management-deeltijd,"As an entrepreneur or retailer, you want to further explore all aspects of entrepreneurship and managing and guiding people. During the part-time Entrepreneurship & Retail Management programme, you will learn everything about consumer behaviour, customer journey, omnichannel and innovative business models. You will learn to look at issues from different perspectives, in which you will consider everyone's interests. This way you will work on a successful future in which you will seize opportunities for your department, brand or company. This 4-year part-time education is ideal for working professionals, because you can choose the order in which you work on the modules and where you put the emphasis on. This way you will develop exactly the knowledge and skills you need to respond to the rapid changes in your work.",,3.3116883117,25.269,619.0,"Program name: Ondernemerschap & Retail Management
Program name (EN): Entrepreneurship & Retail Management
Type: Bachelor | Variant: Parttime
Cluster: Small Business and Retail Management
URL: https://www.dehaagsehogeschool.nl/opleidingen/hbo-bachelor/ondernemerschap-retail-management-deeltijd
Description: As an entrepreneur or retailer, you want to further explore all aspects of entrepreneurship and managing and guiding people. During the part-time Entrepreneurship & Retail Management programme, you will learn everything about consumer behaviour, customer journey, omnichannel and innovative business models. You will learn to look at issues from different perspectives, in which you will consider everyone's interests. This way you will work on a successful future in which you will seize opportunities for your department, brand or company. This 4-year part-time education is ideal for working professionals, because you can choose the order in which you work on the modules and where you put the emphasis on. This way you will develop exactly the knowledge and skills you need to respond to the rapid changes in your work.
Overall opinion score: 3.3116883117
First-year female %: 25.269
Student count: 619.0
Unique ID: 3627_1"
3627_2,3627,Ondernemerschap & Retail Management,Entrepreneurship & Retail Management,Bachelor,Dual,Small Business and Retail Management,https://www.dehaagsehogeschool.nl/opleidingen/hbo-bachelor/ondernemerschap-retail-management-duaal,"Do you want to develop yourself into a widely trained entrepreneur, marketing professional or management professional? Then the 4-year dual programme Entrepreneurship & Retail Management is a good choice. You will then work and learn at the same time, gaining knowledge about entrepreneurship, e-commerce, consumer behavior, the customer journey, omnichannel and business models. Each week you will come to school for education and guidance. You will then put your new knowledge and skills into practice immediately. By working with students from other programmes and with other backgrounds, you will develop yourself into a multidisciplinary professional from all markets at home. You will also choose the order in which you work on the modules and in which you want to specialise. Whatever your choice is: thanks to your close collaboration with the field of work, the subject is always up-to-date.","After following this programme, you will have every opportunity and opportunity to prove yourself as a retail manager, account manager or branch manager. As a specialist in e-commerce, consumer behaviour, customer journey, omnichannel and innovative business models, you will be at the heart of the organisation. If you follow the outflow profile Retailmangement, you will send a team of specialists as a manager and advise management. If you choose the outflow profile Entrepreneurship, you will have all the tools to run an independent company.",3.3116883117,25.269,619.0,"Program name: Ondernemerschap & Retail Management
Program name (EN): Entrepreneurship & Retail Management
Type: Bachelor | Variant: Dual
Cluster: Small Business and Retail Management
URL: https://www.dehaagsehogeschool.nl/opleidingen/hbo-bachelor/ondernemerschap-retail-management-duaal
Description: Do you want to develop yourself into a widely trained entrepreneur, marketing professional or management professional? Then the 4-year dual programme Entrepreneurship & Retail Management is a good choice. You will then work and learn at the same time, gaining knowledge about entrepreneurship, e-commerce, consumer behavior, the customer journey, omnichannel and business models. Each week you will come to school for education and guidance. You will then put your new knowledge and skills into practice immediately. By working with students from other programmes and with other backgrounds, you will develop yourself into a multidisciplinary professional from all markets at home. You will also choose the order in which you work on the modules and in which you want to specialise. Whatever your choice is: thanks to your close collaboration with the field of work, the subject is always up-to-date.
Career prospects: After following this programme, you will have every opportunity and opportunity to prove yourself as a retail manager, account manager or branch manager. As a specialist in e-commerce, consumer behaviour, customer journey, omnichannel and innovative business models, you will be at the heart of the organisation. If you follow the outflow profile Retailmangement, you will send a team of specialists as a manager and advise management. If you choose the outflow profile Entrepreneurship, you will have all the tools to run an independent company.
Overall opinion score: 3.3116883117
First-year female %: 25.269
Student count: 619.0
Unique ID: 3627_2"
3764_0,3764,Bestuurskunde/Overheidsmanagement,Public Administration,Bachelor,Fulltime,Public Administration,https://www.dehaagsehogeschool.nl/opleidingen/hbo-bachelor/international-public-policy-and-leadership,"Are you interested in how problems such as climate change, economic disparity and human rights are tackled by governments, NGOs and influential organisations around the world? Would you like to be the one making a change, cracking wicked problems and the world is most persistent issues, resulting in a positive and permanent change? Then International Public Policy and Leadership (IPPL) is the programme for you. The world is changing significantly fast. We need game-changers who can make quick and good decisions and are expert in unravelling main issues. We will teach you the tools of the trade, why it is happening policy briefs and issues papers, developing impact campaigning, producing documents, or acting at international level.","The possibilities vary greatly. Both government and business is a possible employer and organisations in both sectors come in many types and sizes. Our students usually find four types of functions: policy officer, project manager, operational manager or organizational supporter. Their qualities are needed, as it turns out. A PO student finds a job faster than average and receives an above average wage.",3.7030567686,48.705,582.0,"Program name: Bestuurskunde/Overheidsmanagement
Program name (EN): Public Administration
Type: Bachelor | Variant: Fulltime
Cluster: Public Administration
URL: https://www.dehaagsehogeschool.nl/opleidingen/hbo-bachelor/international-public-policy-and-leadership
Description: Are you interested in how problems such as climate change, economic disparity and human rights are tackled by governments, NGOs and influential organisations around the world? Would you like to be the one making a change, cracking wicked problems and the world is most persistent issues, resulting in a positive and permanent change? Then International Public Policy and Leadership (IPPL) is the programme for you. The world is changing significantly fast. We need game-changers who can make quick and good decisions and are expert in unravelling main issues. We will teach you the tools of the trade, why it is happening policy briefs and issues papers, developing impact campaigning, producing documents, or acting at international level.
Career prospects: The possibilities vary greatly. Both government and business is a possible employer and organisations in both sectors come in many types and sizes. Our students usually find four types of functions: policy officer, project manager, operational manager or organizational supporter. Their qualities are needed, as it turns out. A PO student finds a job faster than average and receives an above average wage.
Overall opinion score: 3.7030567686
First-year female %: 48.705
Student count: 582.0
Unique ID: 3764_0"
3764_2,3764,Bestuurskunde/Overheidsmanagement,Public Administration,Bachelor,Dual,Public Administration,https://www.dehaagsehogeschool.nl/opleidingen/hbo-bachelor/bestuurskunde-overheidsmanagement,"His social studies, history and economics are your favourite subjects and are you interested in public administration and politics? Then the programme Public Administration & Government Management in The Hague, the political heart of the Netherlands, is really something for you. You learn a lot about administrative practice and gain insights from political science, sociology and economics. You analyse social problems and propose workable solutions to them. In short, you look at issues from all sides. Public administration is a dual education. In the first two years you follow intensive education. Over the last two years, you apply the knowledge and skills acquired four days a week in a workplace. This way you study with relevant work experience in your pocket. A good start of your career!","The possibilities vary greatly. Both government and business is a possible employer and organisations in both sectors come in many types and sizes. Our students usually find four types of functions: policy officer, project manager, operational manager or organizational supporter. Their qualities are needed, as it turns out. A PO student finds a job faster than average and receives an above average wage.",3.7030567686,48.705,582.0,"Program name: Bestuurskunde/Overheidsmanagement
Program name (EN): Public Administration
Type: Bachelor | Variant: Dual
Cluster: Public Administration
URL: https://www.dehaagsehogeschool.nl/opleidingen/hbo-bachelor/bestuurskunde-overheidsmanagement
Description: His social studies, history and economics are your favourite subjects and are you interested in public administration and politics? Then the programme Public Administration & Government Management in The Hague, the political heart of the Netherlands, is really something for you. You learn a lot about administrative practice and gain insights from political science, sociology and economics. You analyse social problems and propose workable solutions to them. In short, you look at issues from all sides. Public administration is a dual education. In the first two years you follow intensive education. Over the last two years, you apply the knowledge and skills acquired four days a week in a workplace. This way you study with relevant work experience in your pocket. A good start of your career!
Career prospects: The possibilities vary greatly. Both government and business is a possible employer and organisations in both sectors come in many types and sizes. Our students usually find four types of functions: policy officer, project manager, operational manager or organizational supporter. Their qualities are needed, as it turns out. A PO student finds a job faster than average and receives an above average wage.
Overall opinion score: 3.7030567686
First-year female %: 48.705
Student count: 582.0
Unique ID: 3764_2"
3834_0,3834,Facility Management,Facility Management,Bachelor,Fulltime,Facility Management,https://www.dehaagsehogeschool.nl/opleidingen/hbo-bachelor/facility-management-voltijd,"From camera crews in a recreation park to signposting at Schiphol. As a facility manager, you can make sure that everything works flawlessly. You are proactive, solution-oriented and a real approacher. You can recognise the trends and adapt to change. At Facility Management at The Hague University of Applied Sciences you work together a lot. The programme is small-scale and personal. You really have a place where you feel at home. At Facility Management you learn how to make sure that everyone can work as pleasantly and efficiently as possible. The building, all the equipment and the cafeteria must continue to function perfectly. During your internships you will notice how dynamic and varied the work is. At De Haagse you mainly learn how to do it. Expect many practical assignments, guest classes and the best internships.","Facility managers can be found in all kinds of companies and organisations. The profession is fascinating and versatile, with a sea of possibilities. As a facility manager you have a management and advisory function in the field of facility support. In the event business, health care, government, business or education. In large companies with their own facility service such as a bank or hospital. But also in specialist companies and consulting firms",3.75,59.633,493.0,"Program name: Facility Management
Program name (EN): Facility Management
Type: Bachelor | Variant: Fulltime
Cluster: Facility Management
URL: https://www.dehaagsehogeschool.nl/opleidingen/hbo-bachelor/facility-management-voltijd
Description: From camera crews in a recreation park to signposting at Schiphol. As a facility manager, you can make sure that everything works flawlessly. You are proactive, solution-oriented and a real approacher. You can recognise the trends and adapt to change. At Facility Management at The Hague University of Applied Sciences you work together a lot. The programme is small-scale and personal. You really have a place where you feel at home. At Facility Management you learn how to make sure that everyone can work as pleasantly and efficiently as possible. The building, all the equipment and the cafeteria must continue to function perfectly. During your internships you will notice how dynamic and varied the work is. At De Haagse you mainly learn how to do it. Expect many practical assignments, guest classes and the best internships.
Career prospects: Facility managers can be found in all kinds of companies and organisations. The profession is fascinating and versatile, with a sea of possibilities. As a facility manager you have a management and advisory function in the field of facility support. In the event business, health care, government, business or education. In large companies with their own facility service such as a bank or hospital. But also in specialist companies and consulting firms
Overall opinion score: 3.75
First-year female %: 59.633
Student count: 493.0
Unique ID: 3834_0"
3834_1,3834,Facility Management,Facility Management,Bachelor,Parttime,Facility Management,https://www.dehaagsehogeschool.nl/opleidingen/hbo-bachelor/facility-management-deeltijd,"As a facility manager, you're a real spider in the web. That's why you learn to look beyond the boundaries of your own field during the part-time programme Facility Management. Together with students from the Business Administration and Human Resource Management programmes, you can work on overarching themes such as sustainability, service and circular economy. You can develop into an all-round facility professional. Through our close collaboration with the field of work, the Facility Management programme is always up-to-date. You can use the knowledge and skills you gain directly to your advantage on the workplace floor. For example, in the professional products you work out. So your employer gets better. As a multidisciplinary facility professional, you have a bright future because you're attractive to a wide range of organizations.","Facility managers can be found in all kinds of companies and organisations. The profession is fascinating and versatile, with a sea of possibilities. As a facility manager you have a management and advisory function in the field of facility support. In the event business, health care, government, business or education. In large companies with their own facility service such as a bank or hospital. But also in specialist companies and consulting firms",3.75,59.633,493.0,"Program name: Facility Management
Program name (EN): Facility Management
Type: Bachelor | Variant: Parttime
Cluster: Facility Management
URL: https://www.dehaagsehogeschool.nl/opleidingen/hbo-bachelor/facility-management-deeltijd
Description: As a facility manager, you're a real spider in the web. That's why you learn to look beyond the boundaries of your own field during the part-time programme Facility Management. Together with students from the Business Administration and Human Resource Management programmes, you can work on overarching themes such as sustainability, service and circular economy. You can develop into an all-round facility professional. Through our close collaboration with the field of work, the Facility Management programme is always up-to-date. You can use the knowledge and skills you gain directly to your advantage on the workplace floor. For example, in the professional products you work out. So your employer gets better. As a multidisciplinary facility professional, you have a bright future because you're attractive to a wide range of organizations.
Career prospects: Facility managers can be found in all kinds of companies and organisations. The profession is fascinating and versatile, with a sea of possibilities. As a facility manager you have a management and advisory function in the field of facility support. In the event business, health care, government, business or education. In large companies with their own facility service such as a bank or hospital. But also in specialist companies and consulting firms
Overall opinion score: 3.75
First-year female %: 59.633
Student count: 493.0
Unique ID: 3834_1"
3905_0,3905,Opleiding tot Verpleegkundige,Nursing,Bachelor,Fulltime,Nursing,https://www.dehaagsehogeschool.nl/opleidingen/hbo-bachelor/hbo-v-voltijd,"As a nurse, you help patients with their recovery, in the short and long term. Fast and adequate action can be vital. No day is the same. You help patients with their personal care and medication. You talk about their depression, debt or addiction. Watch how someone can live healthier. The patient and his network are central. Together with doctors, dietists, social workers and physiotherapists, you work on recovery and prevention. The Nursing (HBO-V) programme at The Hague University of Applied Sciences has been adapted to Bachelor of Nursing 2020. Once you start your training, you are a junior nurse. At school and during your internships, you practice in dealing with patients, nursing activities and working together in a team.","As a nurse you can get to work directly at many health institutions. You can go to various places. For example, the general hospital, the rehabilitation center, the nursing home, the psychiatry, residential centers for the mentally handicapped or as a nurse in a company. The beauty of the nurse's work is that you can actually do it directly anywhere in the world.",3.696369637,84.896,777.0,"Program name: Opleiding tot Verpleegkundige
Program name (EN): Nursing
Type: Bachelor | Variant: Fulltime
Cluster: Nursing
URL: https://www.dehaagsehogeschool.nl/opleidingen/hbo-bachelor/hbo-v-voltijd
Description: As a nurse, you help patients with their recovery, in the short and long term. Fast and adequate action can be vital. No day is the same. You help patients with their personal care and medication. You talk about their depression, debt or addiction. Watch how someone can live healthier. The patient and his network are central. Together with doctors, dietists, social workers and physiotherapists, you work on recovery and prevention. The Nursing (HBO-V) programme at The Hague University of Applied Sciences has been adapted to Bachelor of Nursing 2020. Once you start your training, you are a junior nurse. At school and during your internships, you practice in dealing with patients, nursing activities and working together in a team.
Career prospects: As a nurse you can get to work directly at many health institutions. You can go to various places. For example, the general hospital, the rehabilitation center, the nursing home, the psychiatry, residential centers for the mentally handicapped or as a nurse in a company. The beauty of the nurse's work is that you can actually do it directly anywhere in the world.
Overall opinion score: 3.696369637
First-year female %: 84.896
Student count: 777.0
Unique ID: 3905_0"
3905_1,3905,Opleiding tot Verpleegkundige,Nursing,Bachelor,Parttime,Nursing,https://www.dehaagsehogeschool.nl/opleidingen/hbo-bachelor/hbo-v-deeltijd,"With the flexible part-time training HBO-V you can learn while you are working. During this course you will be internship for at least 16 hours a week in a healthcare institution with the guidance of a qualified HBO nurse. This course is flexible: during the main phase you can determine the order of the modules yourself. This way you can make sure that the course is in line with your learning needs at that time or with the activities at your internship place. If you are already MBO nurse, you have obtained the Bachelor's Social Work, or you have other relevant HBO-Diploma. Then you may get exemptions for the course HBO-V. This also exists in a dual variant, where you do not have an internship placement, but a learning work agreement. This way you are employed at the institution. You can switch during the course if that is more convenient.","As a nurse you can get to work directly at many health institutions. You can go to various places. For example, the general hospital, the rehabilitation center, the nursing home, the psychiatry, residential centers for the mentally handicapped or as a nurse in a company. The beauty of the nurse's work is that you can actually do it directly anywhere in the world.",3.696369637,84.896,777.0,"Program name: Opleiding tot Verpleegkundige
Program name (EN): Nursing
Type: Bachelor | Variant: Parttime
Cluster: Nursing
URL: https://www.dehaagsehogeschool.nl/opleidingen/hbo-bachelor/hbo-v-deeltijd
Description: With the flexible part-time training HBO-V you can learn while you are working. During this course you will be internship for at least 16 hours a week in a healthcare institution with the guidance of a qualified HBO nurse. This course is flexible: during the main phase you can determine the order of the modules yourself. This way you can make sure that the course is in line with your learning needs at that time or with the activities at your internship place. If you are already MBO nurse, you have obtained the Bachelor's Social Work, or you have other relevant HBO-Diploma. Then you may get exemptions for the course HBO-V. This also exists in a dual variant, where you do not have an internship placement, but a learning work agreement. This way you are employed at the institution. You can switch during the course if that is more convenient.
Career prospects: As a nurse you can get to work directly at many health institutions. You can go to various places. For example, the general hospital, the rehabilitation center, the nursing home, the psychiatry, residential centers for the mentally handicapped or as a nurse in a company. The beauty of the nurse's work is that you can actually do it directly anywhere in the world.
Overall opinion score: 3.696369637
First-year female %: 84.896
Student count: 777.0
Unique ID: 3905_1"
3905_2,3905,Opleiding tot Verpleegkundige,Nursing,Bachelor,Dual,Nursing,https://www.dehaagsehogeschool.nl/opleidingen/hbo-bachelor/hbo-v-duaal,"With the dual HBO-V you can learn while you are working. During this course you will be internship for at least 16 hours a week in a healthcare institution with the guidance of a qualified HBO-V nurse. This course is flexible: during the main phase you can decide the order of the modules yourself. This way you can get the course to match your learning needs at that time or with the activities at your internship place. Based on the knowledge you have already acquired, you can possibly go through the course faster. You can discuss this together with your coach. If you are already MBO-V nurse, you have obtained the Bachelor Social Work or do you have other relevant HBO-V diplomas? Then you can possibly get exemptions for the course HBO-V. This also exists in a part-time variant, where you do not have a training contract, but with an internship. The course of both variants is the same.","As a nurse you can get to work directly at many health institutions. You can go to various places. For example, the general hospital, the rehabilitation center, the nursing home, the psychiatry, residential centers for the mentally handicapped or as a nurse in a company. The beauty of the nurse's work is that you can actually do it directly anywhere in the world.",3.696369637,84.896,777.0,"Program name: Opleiding tot Verpleegkundige
Program name (EN): Nursing
Type: Bachelor | Variant: Dual
Cluster: Nursing
URL: https://www.dehaagsehogeschool.nl/opleidingen/hbo-bachelor/hbo-v-duaal
Description: With the dual HBO-V you can learn while you are working. During this course you will be internship for at least 16 hours a week in a healthcare institution with the guidance of a qualified HBO-V nurse. This course is flexible: during the main phase you can decide the order of the modules yourself. This way you can get the course to match your learning needs at that time or with the activities at your internship place. Based on the knowledge you have already acquired, you can possibly go through the course faster. You can discuss this together with your coach. If you are already MBO-V nurse, you have obtained the Bachelor Social Work or do you have other relevant HBO-V diplomas? Then you can possibly get exemptions for the course HBO-V. This also exists in a part-time variant, where you do not have a training contract, but with an internship. The course of both variants is the same.
Career prospects: As a nurse you can get to work directly at many health institutions. You can go to various places. For example, the general hospital, the rehabilitation center, the nursing home, the psychiatry, residential centers for the mentally handicapped or as a nurse in a company. The beauty of the nurse's work is that you can actually do it directly anywhere in the world.
Overall opinion score: 3.696369637
First-year female %: 84.896
Student count: 777.0
Unique ID: 3905_2"
3942_0,3942,Voeding en Diëtetiek,Nutrition and Dietetics,Bachelor,Fulltime,Nutrition and Dietetics,https://www.dehaagsehogeschool.nl/opleidingen/hbo-bachelor/voeding-en-dietetiek-voltijd,"You will be helping people to live healthier. For example, by putting innovative foods on the market and making people eat healthier. You will learn more and more during the full-time education of Nutrition and Dietetics. You will learn everything about obesity, diabetes, coeliac disease and all kinds of allergies. And you will apply what you have learned directly during assignments with clients. Or you will work with fellow students on assignments and apply new technologies. How much fun it is to develop a new, healthier and more sustainable product yourself! Or to discover how other cultures deal with nutrition. Also, a challenge as a.Make The Hague 100,000 times fitter.","The demand for targeted nutritional advice from dieticians is still increasing as there is more scientific attention to nutrition, health and disease and more and more people need targeted advice. The dietician's field of work has traditionally been located in the various healthcare institutions but you can also choose to establish yourself as an independent dietician.",3.5880952381,76.285,929.0,"Program name: Voeding en Diëtetiek
Program name (EN): Nutrition and Dietetics
Type: Bachelor | Variant: Fulltime
Cluster: Nutrition and Dietetics
URL: https://www.dehaagsehogeschool.nl/opleidingen/hbo-bachelor/voeding-en-dietetiek-voltijd
Description: You will be helping people to live healthier. For example, by putting innovative foods on the market and making people eat healthier. You will learn more and more during the full-time education of Nutrition and Dietetics. You will learn everything about obesity, diabetes, coeliac disease and all kinds of allergies. And you will apply what you have learned directly during assignments with clients. Or you will work with fellow students on assignments and apply new technologies. How much fun it is to develop a new, healthier and more sustainable product yourself! Or to discover how other cultures deal with nutrition. Also, a challenge as a.Make The Hague 100,000 times fitter.
Career prospects: The demand for targeted nutritional advice from dieticians is still increasing as there is more scientific attention to nutrition, health and disease and more and more people need targeted advice. The dietician's field of work has traditionally been located in the various healthcare institutions but you can also choose to establish yourself as an independent dietician.
Overall opinion score: 3.5880952381
First-year female %: 76.285
Student count: 929.0
Unique ID: 3942_0"
3942_1,3942,Voeding en Diëtetiek,Nutrition and Dietetics,Bachelor,Parttime,Nutrition and Dietetics,https://www.dehaagsehogeschool.nl/opleidingen/hbo-bachelor/voeding-en-dietetiek-deeltijd,You have a few years of work experience and you want to go into everything related to health and nutrition. Then the part-time education Food & Dietetics is something for you. You will learn how to advise people about appropriate nutrition and a healthy lifestyle. You will also get started yourself and develop a new diet for people with intestinal problems or a healthy snack. Or you will work out a method to educate young people about nutrition. You will develop yourself into a professional who can make the world healthier with current knowledge and skills!,"The demand for targeted nutritional advice from dieticians is still increasing as there is more scientific attention to nutrition, health and disease and more and more people need targeted advice. The dietician's field of work has traditionally been located in the various healthcare institutions but you can also choose to establish yourself as an independent dietician.",3.5880952381,76.285,929.0,"Program name: Voeding en Diëtetiek
Program name (EN): Nutrition and Dietetics
Type: Bachelor | Variant: Parttime
Cluster: Nutrition and Dietetics
URL: https://www.dehaagsehogeschool.nl/opleidingen/hbo-bachelor/voeding-en-dietetiek-deeltijd
Description: You have a few years of work experience and you want to go into everything related to health and nutrition. Then the part-time education Food & Dietetics is something for you. You will learn how to advise people about appropriate nutrition and a healthy lifestyle. You will also get started yourself and develop a new diet for people with intestinal problems or a healthy snack. Or you will work out a method to educate young people about nutrition. You will develop yourself into a professional who can make the world healthier with current knowledge and skills!
Career prospects: The demand for targeted nutritional advice from dieticians is still increasing as there is more scientific attention to nutrition, health and disease and more and more people need targeted advice. The dietician's field of work has traditionally been located in the various healthcare institutions but you can also choose to establish yourself as an independent dietician.
Overall opinion score: 3.5880952381
First-year female %: 76.285
Student count: 929.0
Unique ID: 3942_1"
3947_0,3947,Mens en Techniek,Health Technology,Bachelor,Fulltime,Occupational Therapy and Movement,https://www.dehaagsehogeschool.nl/opleidingen/hbo-bachelor/mens-en-techniek-bewegingstechnologie,"The Human and Technique - Motion Technology programme focuses on both the human body and the technique. And that is unique in the Netherlands. You learn how to design and develop technical tools to make people move more and better. With technical ingenuity and biomedical knowledge, you tune the technique to people, and not the other way around. You are widely trained and learn about motion analysis, biostatics, modelling, product in operation, research and design. You also get input from all kinds of disciplines, such as analyzing swim movements and the needs of disabled people. You get lectures, but you also do a lot in practice during practicals, projects and internships. You often determine which direction you are going. You can find a lot in the workshop and behind the computer, where you work with design software such as Solidworks and Matlab.","You can become a designer or researcher. Maybe you get a job in health care or sport, or in a project in a developing country. Health care resources are developed in rehabilitation. Sport needs ever better shoes and rackets. And also in higher education there can be a suitable job opening.",4.025641025600001,40.426,190.0,"Program name: Mens en Techniek
Program name (EN): Health Technology
Type: Bachelor | Variant: Fulltime
Cluster: Occupational Therapy and Movement
URL: https://www.dehaagsehogeschool.nl/opleidingen/hbo-bachelor/mens-en-techniek-bewegingstechnologie
Description: The Human and Technique - Motion Technology programme focuses on both the human body and the technique. And that is unique in the Netherlands. You learn how to design and develop technical tools to make people move more and better. With technical ingenuity and biomedical knowledge, you tune the technique to people, and not the other way around. You are widely trained and learn about motion analysis, biostatics, modelling, product in operation, research and design. You also get input from all kinds of disciplines, such as analyzing swim movements and the needs of disabled people. You get lectures, but you also do a lot in practice during practicals, projects and internships. You often determine which direction you are going. You can find a lot in the workshop and behind the computer, where you work with design software such as Solidworks and Matlab.
Career prospects: You can become a designer or researcher. Maybe you get a job in health care or sport, or in a project in a developing country. Health care resources are developed in rehabilitation. Sport needs ever better shoes and rackets. And also in higher education there can be a suitable job opening.
Overall opinion score: 4.025641025600001
First-year female %: 40.426
Student count: 190.0
Unique ID: 3947_0"
3981_0,3981,Human Resource Management,Human Resource Management,Bachelor,Fulltime,Business Administration and Management,https://www.dehaagsehogeschool.nl/opleidingen/hbo-bachelor/human-resource-management-voltijd,"Are you interested in the development of people and do you want to know what someone needs to function optimally? Then opt for the Human Resource Management (HRM) programme at The Hague University of Applied Sciences. Learn how to keep organisations healthy or help change by reducing absenteeism and filling vacancies. HRM is always in development. Now flexible workplaces and homework are popular. This creates new organisational challenges. Learning by doing, works best in the HRM programme. So you'll know how organizations work together and how employees stay active and keep their knowledge up-to-date. You pay attention to diversity and inclusiveness, because a reflection of society makes an organisation stronger. Do you find multiple fields of expertise interesting?","As a P&A member, you focus on the work of people and their cooperation in organisations, which can be within all kinds of organisations: large companies, small and medium-sized enterprises, public institutions and non-profit organisations such as schools, hospitals or interest groups. But you can also contact agencies for mediation and career guidance, trade unions and Arbo services.",3.6712328767,75.789,377.0,"Program name: Human Resource Management
Program name (EN): Human Resource Management
Type: Bachelor | Variant: Fulltime
Cluster: Business Administration and Management
URL: https://www.dehaagsehogeschool.nl/opleidingen/hbo-bachelor/human-resource-management-voltijd
Description: Are you interested in the development of people and do you want to know what someone needs to function optimally? Then opt for the Human Resource Management (HRM) programme at The Hague University of Applied Sciences. Learn how to keep organisations healthy or help change by reducing absenteeism and filling vacancies. HRM is always in development. Now flexible workplaces and homework are popular. This creates new organisational challenges. Learning by doing, works best in the HRM programme. So you'll know how organizations work together and how employees stay active and keep their knowledge up-to-date. You pay attention to diversity and inclusiveness, because a reflection of society makes an organisation stronger. Do you find multiple fields of expertise interesting?
Career prospects: As a P&A member, you focus on the work of people and their cooperation in organisations, which can be within all kinds of organisations: large companies, small and medium-sized enterprises, public institutions and non-profit organisations such as schools, hospitals or interest groups. But you can also contact agencies for mediation and career guidance, trade unions and Arbo services.
Overall opinion score: 3.6712328767
First-year female %: 75.789
Student count: 377.0
Unique ID: 3981_0"
3981_1,3981,Human Resource Management,Human Resource Management,Bachelor,Parttime,Business Administration and Management,https://www.dehaagsehogeschool.nl/opleidingen/hbo-bachelor/human-resource-management-deeltijd,"During the part-time Human Resource Management programme, you will deepen your knowledge and discover how to keep employees vital and deployable in the long term. As a HR professional you will be dealing with all aspects of the organisation, it is important that you can look beyond the boundaries of your own field of expertise. Therefore, during the programme, you will work together with students from the Business Administration and Facility Management programmes on overarching themes such as sustainability and circular economy. As a result, you will develop the broad view and the multidisciplinary approach that organisations of today are looking forward to. Thanks to close cooperation with business, this programme is practical and always up-to-date. You will immediately apply your new knowledge to your own work, which will also benefit your employer.","As a P&A member, you focus on the work of people and their cooperation in organisations, which can be within all kinds of organisations: large companies, small and medium-sized enterprises, public institutions and non-profit organisations such as schools, hospitals or interest groups. But you can also contact agencies for mediation and career guidance, trade unions and Arbo services.",3.6712328767,75.789,377.0,"Program name: Human Resource Management
Program name (EN): Human Resource Management
Type: Bachelor | Variant: Parttime
Cluster: Business Administration and Management
URL: https://www.dehaagsehogeschool.nl/opleidingen/hbo-bachelor/human-resource-management-deeltijd
Description: During the part-time Human Resource Management programme, you will deepen your knowledge and discover how to keep employees vital and deployable in the long term. As a HR professional you will be dealing with all aspects of the organisation, it is important that you can look beyond the boundaries of your own field of expertise. Therefore, during the programme, you will work together with students from the Business Administration and Facility Management programmes on overarching themes such as sustainability and circular economy. As a result, you will develop the broad view and the multidisciplinary approach that organisations of today are looking forward to. Thanks to close cooperation with business, this programme is practical and always up-to-date. You will immediately apply your new knowledge to your own work, which will also benefit your employer.
Career prospects: As a P&A member, you focus on the work of people and their cooperation in organisations, which can be within all kinds of organisations: large companies, small and medium-sized enterprises, public institutions and non-profit organisations such as schools, hospitals or interest groups. But you can also contact agencies for mediation and career guidance, trade unions and Arbo services.
Overall opinion score: 3.6712328767
First-year female %: 75.789
Student count: 377.0
Unique ID: 3981_1"
4182_0,4182,Opleiding tot leraar Basisonderwijs,Education in Primary Schools (age 4 - 12),Bachelor,Fulltime,Primary Education Teacher (PABO),https://www.dehaagsehogeschool.nl/opleidingen/hbo-bachelor/opleiding-tot-leraar-basisonderwijs-pabo-voltijd,"Do you see yourself in front of the classroom and do you want to follow the course as a teacher? Then choose the Pabo at The Hague University of Applied Sciences. The teacher's profession has a great social value. Help students to develop and keep them firmly in the world. The Pabo brings the teacher or master up to you! In a relaxed environment you grow in your future position as a teacher and contribute to the development of children. The Pabo is broad, personal and practical. This means many internships, because it is fun and educational to be in front of the classroom immediately. Also, there is all the space for personal growth and we give you the guidance that suits you. Important is cooperation, because that is the best way to self-developing. The Pabo works as a school of education South-West Holland together with five school managements in the region.",,3.7299270073,75.397,385.0,"Program name: Opleiding tot leraar Basisonderwijs
Program name (EN): Education in Primary Schools (age 4 - 12)
Type: Bachelor | Variant: Fulltime
Cluster: Primary Education Teacher (PABO)
URL: https://www.dehaagsehogeschool.nl/opleidingen/hbo-bachelor/opleiding-tot-leraar-basisonderwijs-pabo-voltijd
Description: Do you see yourself in front of the classroom and do you want to follow the course as a teacher? Then choose the Pabo at The Hague University of Applied Sciences. The teacher's profession has a great social value. Help students to develop and keep them firmly in the world. The Pabo brings the teacher or master up to you! In a relaxed environment you grow in your future position as a teacher and contribute to the development of children. The Pabo is broad, personal and practical. This means many internships, because it is fun and educational to be in front of the classroom immediately. Also, there is all the space for personal growth and we give you the guidance that suits you. Important is cooperation, because that is the best way to self-developing. The Pabo works as a school of education South-West Holland together with five school managements in the region.
Overall opinion score: 3.7299270073
First-year female %: 75.397
Student count: 385.0
Unique ID: 4182_0"
4182_1,4182,Opleiding tot leraar Basisonderwijs,Education in Primary Schools (age 4 - 12),Bachelor,Parttime,Primary Education Teacher (PABO),https://www.dehaagsehogeschool.nl/opleidingen/hbo-bachelor/opleiding-tot-leraar-basisonderwijs-pabo-deeltijd,"Is the class your dream? Then opt for the flexible part-time training Pabo. It is personal, customised and practical, where the internships are at the heart of the programme. We arrange these internships for you. So you don't have to look for them yourself. The lessons are on Monday and Thursday nights, so you can combine them well with your current job. In addition, you get all the space for personal growth and we offer the guidance that suits you. If you already have an HBO or WO degree, you can speed up your class thanks to the milestones scheme. As a teacher you will contribute to the development of children, so that they are well prepared for the fast changing world in which we live.",,3.7299270073,75.397,385.0,"Program name: Opleiding tot leraar Basisonderwijs
Program name (EN): Education in Primary Schools (age 4 - 12)
Type: Bachelor | Variant: Parttime
Cluster: Primary Education Teacher (PABO)
URL: https://www.dehaagsehogeschool.nl/opleidingen/hbo-bachelor/opleiding-tot-leraar-basisonderwijs-pabo-deeltijd
Description: Is the class your dream? Then opt for the flexible part-time training Pabo. It is personal, customised and practical, where the internships are at the heart of the programme. We arrange these internships for you. So you don't have to look for them yourself. The lessons are on Monday and Thursday nights, so you can combine them well with your current job. In addition, you get all the space for personal growth and we offer the guidance that suits you. If you already have an HBO or WO degree, you can speed up your class thanks to the milestones scheme. As a teacher you will contribute to the development of children, so that they are well prepared for the fast changing world in which we live.
Overall opinion score: 3.7299270073
First-year female %: 75.397
Student count: 385.0
Unique ID: 4182_1"
4254_0,4254,International Business,International Business,Bachelor,Fulltime,International Business and Management,https://www.dehaagsehogeschool.nl/opleidingen/hbo-bachelor/international-business-4-jaar,"This is about breaking new ground in international business management in a classroom with fellow students and lecturers from 40+ countries. Our industry contacts will prepare you for being in a classroom manager in successful business management and consultant positions. With the IB programme will be preparing you for a high-flying international business career, across the globe. You are working on strong foundations in economics, marketing, sales, finance and management. You will require in-depth knowledge attending lectures and workshops and gain experience working in a global team. During an internship of one semester at an international company, you can put this knowledge into action.",Der IBMS-Studiengang soll Sie bestmöglich auf Ihre zukünftige Laufbahn vorbereiten. Unsere Module versorgen Sie mit einer soliden Grundlage in Financial Management und Marketing. Auch festigen Sie bestmöglich auf Ihre zukünftige Laufbahn vorbereiten. Unsere Module versorgen Sie mit einer soliden Grundlage in Financial Management und Marketing. Auch festigen Sie Ihre analyticalen und kommunikativen Kompetenzen. Das alles eröffnet Ihne eine Welter Möglichkeiten. Amde Ihre IBMS-Studiums können Sie einer einer schäftigen erschäften und schäften erstelen und kommunikativen der schägen und kommunikativen.,3.6140350877,43.764,1698.0,"Program name: International Business
Program name (EN): International Business
Type: Bachelor | Variant: Fulltime
Cluster: International Business and Management
URL: https://www.dehaagsehogeschool.nl/opleidingen/hbo-bachelor/international-business-4-jaar
Description: This is about breaking new ground in international business management in a classroom with fellow students and lecturers from 40+ countries. Our industry contacts will prepare you for being in a classroom manager in successful business management and consultant positions. With the IB programme will be preparing you for a high-flying international business career, across the globe. You are working on strong foundations in economics, marketing, sales, finance and management. You will require in-depth knowledge attending lectures and workshops and gain experience working in a global team. During an internship of one semester at an international company, you can put this knowledge into action.
Career prospects: Der IBMS-Studiengang soll Sie bestmöglich auf Ihre zukünftige Laufbahn vorbereiten. Unsere Module versorgen Sie mit einer soliden Grundlage in Financial Management und Marketing. Auch festigen Sie bestmöglich auf Ihre zukünftige Laufbahn vorbereiten. Unsere Module versorgen Sie mit einer soliden Grundlage in Financial Management und Marketing. Auch festigen Sie Ihre analyticalen und kommunikativen Kompetenzen. Das alles eröffnet Ihne eine Welter Möglichkeiten. Amde Ihre IBMS-Studiums können Sie einer einer schäftigen erschäften und schäften erstelen und kommunikativen der schägen und kommunikativen.
Overall opinion score: 3.6140350877
First-year female %: 43.764
Student count: 1698.0
Unique ID: 4254_0"
4281_0,4281,Opleiding tot Leraar van de eerste graad in Lichamelijke Opvoeding,Teacher Education in Physical Education,Bachelor,Fulltime,Academy for Physical Education (ALO),https://www.dehaagsehogeschool.nl/opleidingen/hbo-bachelor/halo,"You're a great motivator and a great transfer of knowledge. It's easy to get people across the line. And organizing sports activities makes your heart beat faster. In the training course for physical education (HALO), you learn how to make your passion work. This way you become an enthusiastic sports teacher! The HALO is about moving and motivating. How do you transfer knowledge to children or older people? How does the human body work? How do you make people have fun in sports? At the HALO you get everything you need to become a good gym teacher. The theory brings you right into practice in one of the practical spaces. You also apply the theory in one of your many internships. You organize school camps and sports days, but are mainly active at Sportcampus Zuiderpark!",,3.7362924282,28.727,946.0,"Program name: Opleiding tot Leraar van de eerste graad in Lichamelijke Opvoeding
Program name (EN): Teacher Education in Physical Education
Type: Bachelor | Variant: Fulltime
Cluster: Academy for Physical Education (ALO)
URL: https://www.dehaagsehogeschool.nl/opleidingen/hbo-bachelor/halo
Description: You're a great motivator and a great transfer of knowledge. It's easy to get people across the line. And organizing sports activities makes your heart beat faster. In the training course for physical education (HALO), you learn how to make your passion work. This way you become an enthusiastic sports teacher! The HALO is about moving and motivating. How do you transfer knowledge to children or older people? How does the human body work? How do you make people have fun in sports? At the HALO you get everything you need to become a good gym teacher. The theory brings you right into practice in one of the practical spaces. You also apply the theory in one of your many internships. You organize school camps and sports days, but are mainly active at Sportcampus Zuiderpark!
Overall opinion score: 3.7362924282
First-year female %: 28.727
Student count: 946.0
Unique ID: 4281_0"
4727_0,4727,HBO - Rechten,Law,Bachelor,Fulltime,Applied Law (HBO Law),https://www.dehaagsehogeschool.nl/opleidingen/hbo-bachelor/international-and-european-law,"Join students and lecturers from 75 different nationalities in the International and European Law degree programme and immerse yourself in international and European law. This degree programme is in English and based in The Hague, the City of Justice and Peace. Join the effort to build a more peaceful and just world in this international city! After 4 years you will be equipped with the personal and professional skills required for a successful international legal career. The new bachelor law curriculum perfectly matches the current requirements of international law. During the first two years, the focus will be on the foundation of your career, with theory and practice on how to apply law in an international setting. In the 3rd year you will specialize further and increase your knowledge.",,3.7437106918,73.003,2163.0,"Program name: HBO - Rechten
Program name (EN): Law
Type: Bachelor | Variant: Fulltime
Cluster: Applied Law (HBO Law)
URL: https://www.dehaagsehogeschool.nl/opleidingen/hbo-bachelor/international-and-european-law
Description: Join students and lecturers from 75 different nationalities in the International and European Law degree programme and immerse yourself in international and European law. This degree programme is in English and based in The Hague, the City of Justice and Peace. Join the effort to build a more peaceful and just world in this international city! After 4 years you will be equipped with the personal and professional skills required for a successful international legal career. The new bachelor law curriculum perfectly matches the current requirements of international law. During the first two years, the focus will be on the foundation of your career, with theory and practice on how to apply law in an international setting. In the 3rd year you will specialize further and increase your knowledge.
Overall opinion score: 3.7437106918
First-year female %: 73.003
Student count: 2163.0
Unique ID: 4727_0"
4727_1,4727,HBO - Rechten,Law,Bachelor,Parttime,Applied Law (HBO Law),https://www.dehaagsehogeschool.nl/opleidingen/hbo-bachelor/hbo-rechten-deeltijd,"The part-time training HBO-Rechten is the perfect choice if you work in a legal environment and want to develop yourself to promote the interests of others even better. With this programme, you increase your career opportunities and your chances on the labour market. In addition, you work on your personal development. Gradually, you become a skilled HBO-jurist who can advise people and organisations. For example, you represent the interests of consumers in legal proceedings or advise a company in an employment case. Because you become acquainted with different jurisdictions, you can end up with a lot of things. You have 1 permanent day of study each week, on which you acquire knowledge and skills during lectures and training. In addition, you spend mainly time on self-study and legally relevant work.",,3.7437106918,73.003,2163.0,"Program name: HBO - Rechten
Program name (EN): Law
Type: Bachelor | Variant: Parttime
Cluster: Applied Law (HBO Law)
URL: https://www.dehaagsehogeschool.nl/opleidingen/hbo-bachelor/hbo-rechten-deeltijd
Description: The part-time training HBO-Rechten is the perfect choice if you work in a legal environment and want to develop yourself to promote the interests of others even better. With this programme, you increase your career opportunities and your chances on the labour market. In addition, you work on your personal development. Gradually, you become a skilled HBO-jurist who can advise people and organisations. For example, you represent the interests of consumers in legal proceedings or advise a company in an employment case. Because you become acquainted with different jurisdictions, you can end up with a lot of things. You have 1 permanent day of study each week, on which you acquire knowledge and skills during lectures and training. In addition, you spend mainly time on self-study and legally relevant work.
Overall opinion score: 3.7437106918
First-year female %: 73.003
Student count: 2163.0
Unique ID: 4727_1"
4727_2,4727,HBO - Rechten,Law,Bachelor,Dual,Applied Law (HBO Law),https://www.dehaagsehogeschool.nl/opleidingen/hbo-bachelor/hbo-rechten-duaal,"Do you want to work as a legal challenge for individuals and companies and combine that with learning? Only The Hague University of Applied Sciences can opt for a dual study of HBO-Rechten: a combination of studying and working. You are trained to become a lawyer who knows the practice, thinks in solutions and provides customization. You learn how to advise, mediate and negotiate. This way you discover your way around the (international) laws and regulations. In the first two years of the study HBO-Rechten Dual you build a legal basis. You gain knowledge and learn the tricks of the profession in projects. After these two years, you will work as a well-founded and practical lawyer. Not in an internship, but in a real job.",,3.7437106918,73.003,2163.0,"Program name: HBO - Rechten
Program name (EN): Law
Type: Bachelor | Variant: Dual
Cluster: Applied Law (HBO Law)
URL: https://www.dehaagsehogeschool.nl/opleidingen/hbo-bachelor/hbo-rechten-duaal
Description: Do you want to work as a legal challenge for individuals and companies and combine that with learning? Only The Hague University of Applied Sciences can opt for a dual study of HBO-Rechten: a combination of studying and working. You are trained to become a lawyer who knows the practice, thinks in solutions and provides customization. You learn how to advise, mediate and negotiate. This way you discover your way around the (international) laws and regulations. In the first two years of the study HBO-Rechten Dual you build a legal basis. You gain knowledge and learn the tricks of the profession in projects. After these two years, you will work as a well-founded and practical lawyer. Not in an internship, but in a real job.
Overall opinion score: 3.7437106918
First-year female %: 73.003
Student count: 2163.0
Unique ID: 4727_2"
4793_0,4793,Integrale Veiligheidskunde,Safety and Security Management,Bachelor,Fulltime,Safety Studies,https://www.dehaagsehogeschool.nl/opleidingen/hbo-bachelor/safety-and-security-management-studies,"You will learn how to think critically, perform under pressure, and to analyse and assess risks. All this right in the heart of The Hague, the international city of Peace and Justice. Elsevier Magazine awarded this degree programme a bronze medal in 2021. Public safety, international security and industrial safety are the three Pillars of SSMS. In years two and three, you will gain insight into current security threats, such as hybrid wars and transnational crime. As Safety and Security Manager, you will be on the front and have access to secret or confidential information.",,3.8533057851,41.617,1187.0,"Program name: Integrale Veiligheidskunde
Program name (EN): Safety and Security Management
Type: Bachelor | Variant: Fulltime
Cluster: Safety Studies
URL: https://www.dehaagsehogeschool.nl/opleidingen/hbo-bachelor/safety-and-security-management-studies
Description: You will learn how to think critically, perform under pressure, and to analyse and assess risks. All this right in the heart of The Hague, the international city of Peace and Justice. Elsevier Magazine awarded this degree programme a bronze medal in 2021. Public safety, international security and industrial safety are the three Pillars of SSMS. In years two and three, you will gain insight into current security threats, such as hybrid wars and transnational crime. As Safety and Security Manager, you will be on the front and have access to secret or confidential information.
Overall opinion score: 3.8533057851
First-year female %: 41.617
Student count: 1187.0
Unique ID: 4793_0"
4793_1,4793,Integrale Veiligheidskunde,Safety and Security Management,Bachelor,Parttime,Safety Studies,https://www.dehaagsehogeschool.nl/opleidingen/hbo-bachelor/integrale-veiligheidskunde-deeltijd,"Safety is important in your work. You like to deal with issues in this area. What does safety mean, for example, for the public sector, for businesses and for citizens? How do you deal with safety as part of urban development? And how do you bring parties together to make agreements on safety? You will go into it during the part-time training programme Internal Safety Science for 4 years. You will take interesting courses such as Criminology, Crisis Management and Cybersecurity. You will apply your new knowledge immediately by performing practical assignments during your work. You will also solve security issues in projects or research. Therefore, you need a relevant function within the security domain. An experienced personal advisor will help you in your professional development. Together, you will discuss how you can best combine your study with work and private.",,3.8533057851,41.617,1187.0,"Program name: Integrale Veiligheidskunde
Program name (EN): Safety and Security Management
Type: Bachelor | Variant: Parttime
Cluster: Safety Studies
URL: https://www.dehaagsehogeschool.nl/opleidingen/hbo-bachelor/integrale-veiligheidskunde-deeltijd
Description: Safety is important in your work. You like to deal with issues in this area. What does safety mean, for example, for the public sector, for businesses and for citizens? How do you deal with safety as part of urban development? And how do you bring parties together to make agreements on safety? You will go into it during the part-time training programme Internal Safety Science for 4 years. You will take interesting courses such as Criminology, Crisis Management and Cybersecurity. You will apply your new knowledge immediately by performing practical assignments during your work. You will also solve security issues in projects or research. Therefore, you need a relevant function within the security domain. An experienced personal advisor will help you in your professional development. Together, you will discuss how you can best combine your study with work and private.
Overall opinion score: 3.8533057851
First-year female %: 41.617
Student count: 1187.0
Unique ID: 4793_1"
4793_2,4793,Integrale Veiligheidskunde,Safety and Security Management,Bachelor,Dual,Safety Studies,https://www.dehaagsehogeschool.nl/opleidingen/hbo-bachelor/integrale-veiligheidskunde-duaal,"Do you want to learn and work together? Do you want to tackle problems such as violence, terrorism and (be) threat and work on a safe society? Then the dual programme Integrated Safety Science is something for you. This study at The Hague University of Applied Sciences is unique in the Netherlands. You will be following intensive education in The Hague, the international city of peace and security for the first two years. From year 3 onwards, you combine your study with a real job of 32 hours a week. We believe that your safety is only really learned by combining learning and working. You learn to approach security issues from different angles. You are curious, always looking ahead and can therefore assess risks well.",,3.8533057851,41.617,1187.0,"Program name: Integrale Veiligheidskunde
Program name (EN): Safety and Security Management
Type: Bachelor | Variant: Dual
Cluster: Safety Studies
URL: https://www.dehaagsehogeschool.nl/opleidingen/hbo-bachelor/integrale-veiligheidskunde-duaal
Description: Do you want to learn and work together? Do you want to tackle problems such as violence, terrorism and (be) threat and work on a safe society? Then the dual programme Integrated Safety Science is something for you. This study at The Hague University of Applied Sciences is unique in the Netherlands. You will be following intensive education in The Hague, the international city of peace and security for the first two years. From year 3 onwards, you combine your study with a real job of 32 hours a week. We believe that your safety is only really learned by combining learning and working. You learn to approach security issues from different angles. You are curious, always looking ahead and can therefore assess risks well.
Overall opinion score: 3.8533057851
First-year female %: 41.617
Student count: 1187.0
Unique ID: 4793_2"
6904_1,6904,Facility Management,Facility Management,Associate degree,Parttime,Facility Management,https://www.dehaagsehogeschool.nl/opleidingen/associate-degree/facility-management,"You know more than anyone how important it is that everything behind the scenes is well organized. Then the people within your organization can really do their job. If you want to grow into a more facility role or a role with more leadership tasks, the Associate degree programme Facility Management is something for you. For two years, you will explore new knowledge and theory, which you apply in practice. Also, you will get started with your personal development. You will focus on topics such as leadership, management, space and infrastructure, service, financial management, ICT and trends in the facility area. Through individual assignments and group projects you will show that you control the teaching material and that you are ready to be the spin in the web of your organisation.",,4.25,42.857,44.0,"Program name: Facility Management
Program name (EN): Facility Management
Type: Associate degree | Variant: Parttime
Cluster: Facility Management
URL: https://www.dehaagsehogeschool.nl/opleidingen/associate-degree/facility-management
Description: You know more than anyone how important it is that everything behind the scenes is well organized. Then the people within your organization can really do their job. If you want to grow into a more facility role or a role with more leadership tasks, the Associate degree programme Facility Management is something for you. For two years, you will explore new knowledge and theory, which you apply in practice. Also, you will get started with your personal development. You will focus on topics such as leadership, management, space and infrastructure, service, financial management, ICT and trends in the facility area. Through individual assignments and group projects you will show that you control the teaching material and that you are ready to be the spin in the web of your organisation.
Overall opinion score: 4.25
First-year female %: 42.857
Student count: 44.0
Unique ID: 6904_1"
7023_0,7023,Ruimtelijke Ontwikkeling,Spatial Development,Bachelor,Fulltime,Transport and Logistics,https://www.dehaagsehogeschool.nl/opleidingen/hbo-bachelor/ruimtelijke-ontwikkeling-climate-management,"What does the city of the future look like? You like to think about it. Building, water, energy and mobility have your interest. In the Spatial Development programme you work on current issues of real clients. Always working to improve the quality of the urban environment. For example, you provide a sustainable and healthy redesign for the campus of The Hague University of Applied Sciences, or write a technical, financial and sustainable advice. In order to be able to work on these kinds of assignments, you will learn everything about energy transition, climate change, sustainable mobility, social geography and urban planning. In addition, collaboration, research, critical thinking and advice are important. All subjects, lectures and projects in the Spatial Development programme are focused on the city. You can specialize in the direction of your talent and ambition.","Most students, after graduating, will start working as advisors for new construction or renovation projects. During the programme, you have developed into an expert on sustainable construction and the regulation of climate requirements. The work can be carried out on behalf of - or in service of - an executive such as a project developer or construction company, but also of a ministry, a province or a municipality.",3.8028169014,51.282,145.0,"Program name: Ruimtelijke Ontwikkeling
Program name (EN): Spatial Development
Type: Bachelor | Variant: Fulltime
Cluster: Transport and Logistics
URL: https://www.dehaagsehogeschool.nl/opleidingen/hbo-bachelor/ruimtelijke-ontwikkeling-climate-management
Description: What does the city of the future look like? You like to think about it. Building, water, energy and mobility have your interest. In the Spatial Development programme you work on current issues of real clients. Always working to improve the quality of the urban environment. For example, you provide a sustainable and healthy redesign for the campus of The Hague University of Applied Sciences, or write a technical, financial and sustainable advice. In order to be able to work on these kinds of assignments, you will learn everything about energy transition, climate change, sustainable mobility, social geography and urban planning. In addition, collaboration, research, critical thinking and advice are important. All subjects, lectures and projects in the Spatial Development programme are focused on the city. You can specialize in the direction of your talent and ambition.
Career prospects: Most students, after graduating, will start working as advisors for new construction or renovation projects. During the programme, you have developed into an expert on sustainable construction and the regulation of climate requirements. The work can be carried out on behalf of - or in service of - an executive such as a project developer or construction company, but also of a ministry, a province or a municipality.
Overall opinion score: 3.8028169014
First-year female %: 51.282
Student count: 145.0
Unique ID: 7023_0"
7330_0,7330,European Studies,European Studies,Bachelor,Fulltime,International Business and Management,https://www.dehaagsehogeschool.nl/opleidingen/hbo-bachelor/european-studies-voltijd-4-jaar,"You will be equipped for a variety of jobs because our interdisciplinary European Study Programmes provides you with a mix of knowledge of business and politics with professional skills and foreign languages. Jobs you will be equipped for can be found in policy advice, communications, exports and other fields in public and private sector organisations. The international master's programme in business, public policy or international relations give you options to focus on an international future. European Studies will turn you into a global citizen. The programme is offered in an international classroom and in the English language. You will be sent to a university abroad on an exchange programme and put to work on an internalship at a non-profit organisation, government institution or private business.",,3.7847025496,56.825,1074.0,"Program name: European Studies
Program name (EN): European Studies
Type: Bachelor | Variant: Fulltime
Cluster: International Business and Management
URL: https://www.dehaagsehogeschool.nl/opleidingen/hbo-bachelor/european-studies-voltijd-4-jaar
Description: You will be equipped for a variety of jobs because our interdisciplinary European Study Programmes provides you with a mix of knowledge of business and politics with professional skills and foreign languages. Jobs you will be equipped for can be found in policy advice, communications, exports and other fields in public and private sector organisations. The international master's programme in business, public policy or international relations give you options to focus on an international future. European Studies will turn you into a global citizen. The programme is offered in an international classroom and in the English language. You will be sent to a university abroad on an exchange programme and put to work on an internalship at a non-profit organisation, government institution or private business.
Overall opinion score: 3.7847025496
First-year female %: 56.825
Student count: 1074.0
Unique ID: 7330_0"
8093_0,8093,Finance & Control,Finance & Control,Associate degree,Fulltime,Business Economics,https://www.dehaagsehogeschool.nl/opleidingen/associate-degree/finance-control-voltijd,"Smart investments, cost savings and accounting. As a business economist, you define the financial policy. You are widely applicable and know everything about accounting, risk management, cost analysis and circular entrepreneurship. Each part is matched to application in practice and that makes this HBO study truly practical. The first year is together with the programme Accountancy. Then follows a deeper second year. Your personal interest and development are leading for the rest of the program. In years 3 and 4 you will take an internship, choose specializations (minors) and graduate.","The labour market is eager to attract financial specialists. Every company needs financial expertise. If you follow this programme, you have a lot of opportunities to take a step in your career. Become a financial specialist, accountant or employee administrator within an organization's financial department. Or how about project controller? This ad-training opens doors to development and growth!",3.6315789474,40.299,147.0,"Program name: Finance & Control
Program name (EN): Finance & Control
Type: Associate degree | Variant: Fulltime
Cluster: Business Economics
URL: https://www.dehaagsehogeschool.nl/opleidingen/associate-degree/finance-control-voltijd
Description: Smart investments, cost savings and accounting. As a business economist, you define the financial policy. You are widely applicable and know everything about accounting, risk management, cost analysis and circular entrepreneurship. Each part is matched to application in practice and that makes this HBO study truly practical. The first year is together with the programme Accountancy. Then follows a deeper second year. Your personal interest and development are leading for the rest of the program. In years 3 and 4 you will take an internship, choose specializations (minors) and graduate.
Career prospects: The labour market is eager to attract financial specialists. Every company needs financial expertise. If you follow this programme, you have a lot of opportunities to take a step in your career. Become a financial specialist, accountant or employee administrator within an organization's financial department. Or how about project controller? This ad-training opens doors to development and growth!
Overall opinion score: 3.6315789474
First-year female %: 40.299
Student count: 147.0
Unique ID: 8093_0"
8093_1,8093,Finance & Control,Finance & Control,Associate degree,Parttime,Business Economics,https://www.dehaagsehogeschool.nl/opleidingen/associate-degree/finance-control,"With the 2-year Associate Degree programme Finance & Control, you'll give your career a firm boost. You'll gain a solid knowledge and work on your future, so that everyone will come to you for thorough analysis, reliable advice and new strategies. You'll know all the processes so well that you can work smoothly with other departments. This makes you invaluable to your colleagues. As a working professional, you need a compact, flexible and practical education. Finance & Control has it all: for example, you choose the order in which you work on the modules and put the emphasis on them. This way you will continue to develop yourself, leaving you attractive to employers through your current knowledge of professional practice.","There are several functions that match your professional profile. In a smaller organisation, for example, you can become head of accounting, project controller or business analyst. In a medium-sized organisation, you will rather perform other functions: financial advisor, cash manager or project manager. Do you work in a large organisation? Then you can easily kick it to senior administrative officer, project controller or employee administrator with your knowledge and skills!",3.6315789474,40.299,147.0,"Program name: Finance & Control
Program name (EN): Finance & Control
Type: Associate degree | Variant: Parttime
Cluster: Business Economics
URL: https://www.dehaagsehogeschool.nl/opleidingen/associate-degree/finance-control
Description: With the 2-year Associate Degree programme Finance & Control, you'll give your career a firm boost. You'll gain a solid knowledge and work on your future, so that everyone will come to you for thorough analysis, reliable advice and new strategies. You'll know all the processes so well that you can work smoothly with other departments. This makes you invaluable to your colleagues. As a working professional, you need a compact, flexible and practical education. Finance & Control has it all: for example, you choose the order in which you work on the modules and put the emphasis on them. This way you will continue to develop yourself, leaving you attractive to employers through your current knowledge of professional practice.
Career prospects: There are several functions that match your professional profile. In a smaller organisation, for example, you can become head of accounting, project controller or business analyst. In a medium-sized organisation, you will rather perform other functions: financial advisor, cash manager or project manager. Do you work in a large organisation? Then you can easily kick it to senior administrative officer, project controller or employee administrator with your knowledge and skills!
Overall opinion score: 3.6315789474
First-year female %: 40.299
Student count: 147.0
Unique ID: 8093_1"
8093_2,8093,Finance & Control,Finance & Control,Associate degree,Dual,Business Economics,https://www.dehaagsehogeschool.nl/opleidingen/associate-degree/finance-control-duaal,"With the dual Associate degree programme Finance & Control, you can combine your work and learning. You will follow a course of learning of 2 years, after which you will be able to specialize further. As an expert within your field, you can move on to the position of team leader or all-round administrator. During this course you will learn mainly at your workplace, through practical assignments and through projects. You will learn to speak 2 languages: that of the workplace and that of your employer. People who can do this are very interested. You will go to school for education and guidance 2 days a week. In addition, you can work in daily practice, where you apply what you have learned in school. You will grow into a versatile financial professional, who is widely employable and who has a valuable diploma in the recognition of his knowledge and skills.","The labour market is eager to attract financial specialists. Every company needs financial expertise. If you follow this programme, you have many opportunities to take a step in your career. Become a financial specialist, accountant or employee administrator within an organization's financial department. Or how about project controller? This Ad-training opens doors to development and growth!",3.6315789474,40.299,147.0,"Program name: Finance & Control
Program name (EN): Finance & Control
Type: Associate degree | Variant: Dual
Cluster: Business Economics
URL: https://www.dehaagsehogeschool.nl/opleidingen/associate-degree/finance-control-duaal
Description: With the dual Associate degree programme Finance & Control, you can combine your work and learning. You will follow a course of learning of 2 years, after which you will be able to specialize further. As an expert within your field, you can move on to the position of team leader or all-round administrator. During this course you will learn mainly at your workplace, through practical assignments and through projects. You will learn to speak 2 languages: that of the workplace and that of your employer. People who can do this are very interested. You will go to school for education and guidance 2 days a week. In addition, you can work in daily practice, where you apply what you have learned in school. You will grow into a versatile financial professional, who is widely employable and who has a valuable diploma in the recognition of his knowledge and skills.
Career prospects: The labour market is eager to attract financial specialists. Every company needs financial expertise. If you follow this programme, you have many opportunities to take a step in your career. Become a financial specialist, accountant or employee administrator within an organization's financial department. Or how about project controller? This Ad-training opens doors to development and growth!
Overall opinion score: 3.6315789474
First-year female %: 40.299
Student count: 147.0
Unique ID: 8093_2"
8998_0,8998,Bedrijfskunde,Business Administration,Bachelor,Fulltime,Business Administration and Management,https://www.dehaagsehogeschool.nl/opleidingen/hbo-bachelor/bedrijfskunde-voltijd,"Do you know how to understand organisations and business processes? During the Business Administration programme you will learn everything about strategy, marketing and finance, but also about management, law and ethics. Organisations want all processes to run smoothly. After this study you will know how to determine a price, create a law and what marketing techniques you can use. With the right knowledge and strategy you can change and improve organisations. Business Administration is the key to successful enterprise! Do you find several fields of interest to you? Then you can also follow the new programme Management & Organisation Track at The Hague University of Applied Sciences. With this broad Bachelor you can combine the fields of Business Administration, Human Resource Management, Facility Management and Communication.","Business Administration MER students are generalists who can work in many areas after their studies. Think of jobs at banks, insurers, temporary employment agencies or at the government and civil society organisations. You can also go to small and medium-sized enterprises.",3.573964497,23.0,719.0,"Program name: Bedrijfskunde
Program name (EN): Business Administration
Type: Bachelor | Variant: Fulltime
Cluster: Business Administration and Management
URL: https://www.dehaagsehogeschool.nl/opleidingen/hbo-bachelor/bedrijfskunde-voltijd
Description: Do you know how to understand organisations and business processes? During the Business Administration programme you will learn everything about strategy, marketing and finance, but also about management, law and ethics. Organisations want all processes to run smoothly. After this study you will know how to determine a price, create a law and what marketing techniques you can use. With the right knowledge and strategy you can change and improve organisations. Business Administration is the key to successful enterprise! Do you find several fields of interest to you? Then you can also follow the new programme Management & Organisation Track at The Hague University of Applied Sciences. With this broad Bachelor you can combine the fields of Business Administration, Human Resource Management, Facility Management and Communication.
Career prospects: Business Administration MER students are generalists who can work in many areas after their studies. Think of jobs at banks, insurers, temporary employment agencies or at the government and civil society organisations. You can also go to small and medium-sized enterprises.
Overall opinion score: 3.573964497
First-year female %: 23.0
Student count: 719.0
Unique ID: 8998_0"
8998_1,8998,Bedrijfskunde,Business Administration,Bachelor,Parttime,Business Administration and Management,https://www.dehaagsehogeschool.nl/opleidingen/hbo-bachelor/bedrijfskunde-deeltijd,"A good business expert is from all markets at home. That's why you work together with students from the Human Resource Management and Facility Management programmes during the part-time course in Business Administration. You'll find yourself in current themes that are relevant to all these disciplines, such as sustainability and a circular economy. Business Administration remains of course leading, but right now organisations need all-round professionals ready for the future. Because of our close cooperation with business, the course is always practical and up-to-date. Because you learn and work at the same time, you can apply your new knowledge and skills from day 1 into your own work. Your employer will thus also immediately improve this programme.","Business Administration MER students are generalists who can work in many areas after their studies. Think of jobs at banks, insurers, temporary employment agencies or at the government and civil society organisations. You can also go to small and medium-sized enterprises.",3.573964497,23.0,719.0,"Program name: Bedrijfskunde
Program name (EN): Business Administration
Type: Bachelor | Variant: Parttime
Cluster: Business Administration and Management
URL: https://www.dehaagsehogeschool.nl/opleidingen/hbo-bachelor/bedrijfskunde-deeltijd
Description: A good business expert is from all markets at home. That's why you work together with students from the Human Resource Management and Facility Management programmes during the part-time course in Business Administration. You'll find yourself in current themes that are relevant to all these disciplines, such as sustainability and a circular economy. Business Administration remains of course leading, but right now organisations need all-round professionals ready for the future. Because of our close cooperation with business, the course is always practical and up-to-date. Because you learn and work at the same time, you can apply your new knowledge and skills from day 1 into your own work. Your employer will thus also immediately improve this programme.
Career prospects: Business Administration MER students are generalists who can work in many areas after their studies. Think of jobs at banks, insurers, temporary employment agencies or at the government and civil society organisations. You can also go to small and medium-sized enterprises.
Overall opinion score: 3.573964497
First-year female %: 23.0
Student count: 719.0
Unique ID: 8998_1"
10474_0,10474,Pedagogiek,Educational Theory,Bachelor,Fulltime,Pedagogy,https://www.dehaagsehogeschool.nl/opleidingen/hbo-bachelor/pedagogiek,"You will learn how to guide, advise and support children, young people, parents and other educators during the Pedagogy programme. You will immediately be assigned your own student career counselor, who will provide you with the best possible preparation for your professional practice and will guide you in your development into a professional. During the Pedagogy programme, you will be presented with different themes and target groups within society. How do you ensure that the education of children goes as well as possible? What do you do when children or young people get caught up in their development? What advice do you give? Together, we lay a solid theoretical basis. This theory will put you directly into practice during your internship during the first year. At your internship you will soon discover which target group and direction best suits you. You will train yourself in conducting conversations with children, young people and (co-) educators. You will learn to observe and think about your personal development. You will also explore your limits.",As a pedagogue you have good opportunities to work within your field of work. You get a lot of theoretical and practice baggage.,3.8179775281,95.43,927.0,"Program name: Pedagogiek
Program name (EN): Educational Theory
Type: Bachelor | Variant: Fulltime
Cluster: Pedagogy
URL: https://www.dehaagsehogeschool.nl/opleidingen/hbo-bachelor/pedagogiek
Description: You will learn how to guide, advise and support children, young people, parents and other educators during the Pedagogy programme. You will immediately be assigned your own student career counselor, who will provide you with the best possible preparation for your professional practice and will guide you in your development into a professional. During the Pedagogy programme, you will be presented with different themes and target groups within society. How do you ensure that the education of children goes as well as possible? What do you do when children or young people get caught up in their development? What advice do you give? Together, we lay a solid theoretical basis. This theory will put you directly into practice during your internship during the first year. At your internship you will soon discover which target group and direction best suits you. You will train yourself in conducting conversations with children, young people and (co-) educators. You will learn to observe and think about your personal development. You will also explore your limits.
Career prospects: As a pedagogue you have good opportunities to work within your field of work. You get a lot of theoretical and practice baggage.
Overall opinion score: 3.8179775281
First-year female %: 95.43
Student count: 927.0
Unique ID: 10474_0"
10948_0,10948,HBO-ICT,Information & Communication Technology,Bachelor,Fulltime,Computer Science,https://www.dehaagsehogeschool.nl/opleidingen/hbo-bachelor/hbo-ict,"With ICT you can really do everything you want to do. Whizzkid is not the only option for this study. Do you find it interesting to build, gaming or programming websites? You will learn all about HBO-ICT. Exciting topics such as big data and cybersecurity are also discussed. From supertech to business advisor: with a diploma HBO-ICT in your pocket everything is possible. In the fast development of automation you are always one step ahead, because you follow that development closely and know exactly what is going on. The first half of the year is the same in all locations and you get to know ICT in full width. Then you make a choice for a particular direction: Business & Data Management (location The Hague), Information Security Management (location Zoetermeer), Innovation Development (location Zoetermeer), Network & Systems Engineering (location Delft) and Software Engineering (location The Hague).",,3.2832080201,10.749,1051.0,"Program name: HBO-ICT
Program name (EN): Information & Communication Technology
Type: Bachelor | Variant: Fulltime
Cluster: Computer Science
URL: https://www.dehaagsehogeschool.nl/opleidingen/hbo-bachelor/hbo-ict
Description: With ICT you can really do everything you want to do. Whizzkid is not the only option for this study. Do you find it interesting to build, gaming or programming websites? You will learn all about HBO-ICT. Exciting topics such as big data and cybersecurity are also discussed. From supertech to business advisor: with a diploma HBO-ICT in your pocket everything is possible. In the fast development of automation you are always one step ahead, because you follow that development closely and know exactly what is going on. The first half of the year is the same in all locations and you get to know ICT in full width. Then you make a choice for a particular direction: Business & Data Management (location The Hague), Information Security Management (location Zoetermeer), Innovation Development (location Zoetermeer), Network & Systems Engineering (location Delft) and Software Engineering (location The Hague).
Overall opinion score: 3.2832080201
First-year female %: 10.749
Student count: 1051.0
Unique ID: 10948_0"
10948_1,10948,HBO-ICT,Information & Communication Technology,Bachelor,Parttime,Computer Science,https://www.dehaagsehogeschool.nl/opleidingen/hbo-bachelor/hbo-ict-deeltijd,"Do you love technology, do you love puzzles and do you want to think of things that really help people? Then a job as a software engineer is something for you. During the part-time HBO-ICT programme, you're going to work with apps and databases. You're going to design, develop and manage them yourself. You're going to take a next step in your career and you're well prepared for a future in which IT takes an increasingly important place. This programme is ideal to follow next to your current job if you already have a degree from an IT course at mbo-4-level or a Havo diploma.",,3.2832080201,10.749,1051.0,"Program name: HBO-ICT
Program name (EN): Information & Communication Technology
Type: Bachelor | Variant: Parttime
Cluster: Computer Science
URL: https://www.dehaagsehogeschool.nl/opleidingen/hbo-bachelor/hbo-ict-deeltijd
Description: Do you love technology, do you love puzzles and do you want to think of things that really help people? Then a job as a software engineer is something for you. During the part-time HBO-ICT programme, you're going to work with apps and databases. You're going to design, develop and manage them yourself. You're going to take a next step in your career and you're well prepared for a future in which IT takes an increasingly important place. This programme is ideal to follow next to your current job if you already have a degree from an IT course at mbo-4-level or a Havo diploma.
Overall opinion score: 3.2832080201
First-year female %: 10.749
Student count: 1051.0
Unique ID: 10948_1"
10962_0,10962,International Communication Management,International Communication Management,Master,Fulltime,Communication,https://www.dehaagsehogeschool.nl/opleidingen/hbo-master/international-communication-management,"Students of our full-time programme are typical world citizens. You have committed to moving to the Netherlands for one year and to (temporally) leave your job), or perhaps just completed your bachelor's degree in International Business or Communication in the Netherlands. You have been working at an international company or in a global industry, or perhaps you already call yourself a communication specialist. Nederlands is the language used in your profession. Your minimum level of education is at bachelor's education. You have at least two years of working experience, preferably in marketing & communications, as a press officer, editor or in a management position, and you are interested in the topics provided in this course of communication.","The MA diploma is internationally recognized. If you want to work or study abroad, it is important that you have your training documents legalized. The Education Department (DUO) of the Ministry of Education, Culture and Science takes care of this. For more information, please visit the DUO website.",4.1666666667,,,"Program name: International Communication Management
Program name (EN): International Communication Management
Type: Master | Variant: Fulltime
Cluster: Communication
URL: https://www.dehaagsehogeschool.nl/opleidingen/hbo-master/international-communication-management
Description: Students of our full-time programme are typical world citizens. You have committed to moving to the Netherlands for one year and to (temporally) leave your job), or perhaps just completed your bachelor's degree in International Business or Communication in the Netherlands. You have been working at an international company or in a global industry, or perhaps you already call yourself a communication specialist. Nederlands is the language used in your profession. Your minimum level of education is at bachelor's education. You have at least two years of working experience, preferably in marketing & communications, as a press officer, editor or in a management position, and you are interested in the topics provided in this course of communication.
Career prospects: The MA diploma is internationally recognized. If you want to work or study abroad, it is important that you have your training documents legalized. The Education Department (DUO) of the Ministry of Education, Culture and Science takes care of this. For more information, please visit the DUO website.
Overall opinion score: 4.1666666667
Unique ID: 10962_0"
10962_1,10962,International Communication Management,International Communication Management,Master,Parttime,Communication,https://www.dehaagsehogeschool.nl/opleidingen/hbo-master/international-communication-management-deeltijd,"You are working in the field of communication, and managing skills are required. You want to strict your current role. You have been working at an international company or in a global industry, or perhaps you already call yourself a communication specialist. Nederlands is the language used in your profession. Your minimum level of education is at bachelor's. You have at least two years of working experience, preferably in marketing & communications, as a press officer, editor or in a management position, and you are interested in the topics provided in this course such as Crisis Communication or Intercultural Communication. You are ready to upgrade your professional competences to a more senior level. You want to move yourself and you are interested in the topics provided in this course.","The MA diploma is internationally recognized. If you want to work or study abroad, it is important that you have your training documents legalized. The Education Department (DUO) of the Ministry of Education, Culture and Science takes care of this. For more information, please visit the DUO website.",4.1666666667,,,"Program name: International Communication Management
Program name (EN): International Communication Management
Type: Master | Variant: Parttime
Cluster: Communication
URL: https://www.dehaagsehogeschool.nl/opleidingen/hbo-master/international-communication-management-deeltijd
Description: You are working in the field of communication, and managing skills are required. You want to strict your current role. You have been working at an international company or in a global industry, or perhaps you already call yourself a communication specialist. Nederlands is the language used in your profession. Your minimum level of education is at bachelor's. You have at least two years of working experience, preferably in marketing & communications, as a press officer, editor or in a management position, and you are interested in the topics provided in this course such as Crisis Communication or Intercultural Communication. You are ready to upgrade your professional competences to a more senior level. You want to move yourself and you are interested in the topics provided in this course.
Career prospects: The MA diploma is internationally recognized. If you want to work or study abroad, it is important that you have your training documents legalized. The Education Department (DUO) of the Ministry of Education, Culture and Science takes care of this. For more information, please visit the DUO website.
Overall opinion score: 4.1666666667
Unique ID: 10962_1"
10966_0,10966,Master of Business Administration,Master of Business Administration,Master,Fulltime,Business Administration and Management,https://www.dehaagsehogeschool.nl/opleidingen/hbo-master/master-business-administration,"You have been working for an international company or in a global industry, or perhaps you are already working as entrepreneur or independent consultant. The language used in your profession is English. Your minimum level of education is at bachelor's. You have at least two years of working experience, preferably in a leading position or managing your own business, and you are interested in global business and management topics. You are ready to work on your leadership behaviour and upgrade your professional competences to a senior level. You want to move forward with yourself, your job and your organisation. This master with an international business perspective will give you all the tools required for success.",,3.8,,,"Program name: Master of Business Administration
Program name (EN): Master of Business Administration
Type: Master | Variant: Fulltime
Cluster: Business Administration and Management
URL: https://www.dehaagsehogeschool.nl/opleidingen/hbo-master/master-business-administration
Description: You have been working for an international company or in a global industry, or perhaps you are already working as entrepreneur or independent consultant. The language used in your profession is English. Your minimum level of education is at bachelor's. You have at least two years of working experience, preferably in a leading position or managing your own business, and you are interested in global business and management topics. You are ready to work on your leadership behaviour and upgrade your professional competences to a senior level. You want to move forward with yourself, your job and your organisation. This master with an international business perspective will give you all the tools required for success.
Overall opinion score: 3.8
Unique ID: 10966_0"
10966_1,10966,Master of Business Administration,Master of Business Administration,Master,Parttime,Business Administration and Management,https://www.dehaagsehogeschool.nl/opleidingen/hbo-master/master-business-administration-deeltijd,"English is the language used in your profession. Your minimum education level is at bachelor's degree and you have obtained some professional certificates. You have at least three years of working experience in a management role and are interested in global business and management topics. You consider complex business problems as a challenge. You are prepared to work on your leadership behaviour and upgrade your professional competences to a senior level. This matter is of such urgency or you are that you are prepared to follow this intensive part-time programme next to your job. With the MBA you want to get more out of yourself, your job and your organization. This master will give you all the tools you need.",,3.8,,,"Program name: Master of Business Administration
Program name (EN): Master of Business Administration
Type: Master | Variant: Parttime
Cluster: Business Administration and Management
URL: https://www.dehaagsehogeschool.nl/opleidingen/hbo-master/master-business-administration-deeltijd
Description: English is the language used in your profession. Your minimum education level is at bachelor's degree and you have obtained some professional certificates. You have at least three years of working experience in a management role and are interested in global business and management topics. You consider complex business problems as a challenge. You are prepared to work on your leadership behaviour and upgrade your professional competences to a senior level. This matter is of such urgency or you are that you are prepared to follow this intensive part-time programme next to your job. With the MBA you want to get more out of yourself, your job and your organization. This master will give you all the tools you need.
Overall opinion score: 3.8
Unique ID: 10966_1"
11142_0,11142,Master of Financial Management and Control,Master of Financial Management and Control,Master,Fulltime,Accountancy and Taxation,https://www.dehaagsehogeschool.nl/opleidingen/hbo-master/master-financial-management-and-control-voltijd,"How to keep a large organisation healthy is a question that has everything to do with business control; its a challenge extending beyond financial matters. Nowdays, a business controller must deal with an increasing amount of data streams in organisations. How can a CEO or CFO manage the development of your organisation in this situation? What is the impact of the organizational culture? How can this be controlled if your organisation operations internationally? What does this mean for the ideal leadership style? How is your risk organized accordingly? These are fundamental questions.A Master Financial Management and Control deepens and abroad your knowledge and skills in this field.","The MFMC is not part of a continuous learning line. However, you can continue to study, for example to obtain your audit title. The ACCA (online) programme is a serious option for internationally oriented students. A graduate ACCA's title is certified chartered accountant. MFMC also provides an excellent basis for the audit program of the Chartered Institute of Management Accountants (CIMA).",,,,"Program name: Master of Financial Management and Control
Program name (EN): Master of Financial Management and Control
Type: Master | Variant: Fulltime
Cluster: Accountancy and Taxation
URL: https://www.dehaagsehogeschool.nl/opleidingen/hbo-master/master-financial-management-and-control-voltijd
Description: How to keep a large organisation healthy is a question that has everything to do with business control; its a challenge extending beyond financial matters. Nowdays, a business controller must deal with an increasing amount of data streams in organisations. How can a CEO or CFO manage the development of your organisation in this situation? What is the impact of the organizational culture? How can this be controlled if your organisation operations internationally? What does this mean for the ideal leadership style? How is your risk organized accordingly? These are fundamental questions.A Master Financial Management and Control deepens and abroad your knowledge and skills in this field.
Career prospects: The MFMC is not part of a continuous learning line. However, you can continue to study, for example to obtain your audit title. The ACCA (online) programme is a serious option for internationally oriented students. A graduate ACCA's title is certified chartered accountant. MFMC also provides an excellent basis for the audit program of the Chartered Institute of Management Accountants (CIMA).
Unique ID: 11142_0"
11142_1,11142,Master of Financial Management and Control,Master of Financial Management and Control,Master,Parttime,Accountancy and Taxation,https://www.dehaagsehogeschool.nl/opleidingen/hbo-master/master-financial-management-and-control-deeltijd,Looking forward to broadcasting your scope and developing your knowledge of (international) data-driven business control? The dynamic Master Financial Management and Control provides you with knowledge and skills for analysing complex matters and taking strategic decisions. This master brings you a big step forward in your career. There are several answers for choosing this master programme. You want to work on the foundation of data-driven business control in a management position; You want to move your business control career forward; You are looking for a solid programme with a focus on practical application of acquired knowledge and skills; You want to learn about state-of-the-art research methods in business control.,"The MFMC is not part of a continuous learning line. However, you can continue to study, for example to obtain your audit title. The ACCA (online) programme is a serious option for internationally oriented students. A graduate ACCA's title is certified chartered accountant. MFMC also provides an excellent basis for the audit program of the Chartered Institute of Management Accountants (CIMA).",,,,"Program name: Master of Financial Management and Control
Program name (EN): Master of Financial Management and Control
Type: Master | Variant: Parttime
Cluster: Accountancy and Taxation
URL: https://www.dehaagsehogeschool.nl/opleidingen/hbo-master/master-financial-management-and-control-deeltijd
Description: Looking forward to broadcasting your scope and developing your knowledge of (international) data-driven business control? The dynamic Master Financial Management and Control provides you with knowledge and skills for analysing complex matters and taking strategic decisions. This master brings you a big step forward in your career. There are several answers for choosing this master programme. You want to work on the foundation of data-driven business control in a management position; You want to move your business control career forward; You are looking for a solid programme with a focus on practical application of acquired knowledge and skills; You want to learn about state-of-the-art research methods in business control.
Career prospects: The MFMC is not part of a continuous learning line. However, you can continue to study, for example to obtain your audit title. The ACCA (online) programme is a serious option for internationally oriented students. A graduate ACCA's title is certified chartered accountant. MFMC also provides an excellent basis for the audit program of the Chartered Institute of Management Accountants (CIMA).
Unique ID: 11142_1"
11286_1,11286,Organisatie Coaching,Organisation Development and Learning,Master,Parttime,Business Administration and Management,https://www.dehaagsehogeschool.nl/opleidingen/hbo-master/master-organisatie-coaching,"In the Master's programme Organisation Coaching you will learn how to make organisations more agile and how to help them learn and innovate together. You will develop a solid basis to guide employees, groups and organisations in development and change issues. You will learn various co-creative methods and develop the knowledge, skills and skills to guide all those involved in integrated issues such as vision formation, strategy development, transformation, culture and organizational change, process design, cooperation and innovation. Change and development is not self-evident, nor is it for you as a guide. You must dare to let go of your own conviction about what does and does not work and dare to engage in confrontation with attitude and behaviour in the organisation, with your client, but above all with yourself. In the Master's programme Organisation Coaching you will learn to create an authentic, with self-confidence and control, a safe learning environment in which you will work together with all parties involved in organization development.",,,,,"Program name: Organisatie Coaching
Program name (EN): Organisation Development and Learning
Type: Master | Variant: Parttime
Cluster: Business Administration and Management
URL: https://www.dehaagsehogeschool.nl/opleidingen/hbo-master/master-organisatie-coaching
Description: In the Master's programme Organisation Coaching you will learn how to make organisations more agile and how to help them learn and innovate together. You will develop a solid basis to guide employees, groups and organisations in development and change issues. You will learn various co-creative methods and develop the knowledge, skills and skills to guide all those involved in integrated issues such as vision formation, strategy development, transformation, culture and organizational change, process design, cooperation and innovation. Change and development is not self-evident, nor is it for you as a guide. You must dare to let go of your own conviction about what does and does not work and dare to engage in confrontation with attitude and behaviour in the organisation, with your client, but above all with yourself. In the Master's programme Organisation Coaching you will learn to create an authentic, with self-confidence and control, a safe learning environment in which you will work together with all parties involved in organization development.
Unique ID: 11286_1"
15544_1,15544,Risicomanagement,Risk Management,Master,Parttime,Business Administration and Management,https://www.dehaagsehogeschool.nl/opleidingen/hbo-master/master-risicomanagement,"You have been working as a risk manager at a large organisation for several years and you are constantly working to assess risk derivatives and take appropriate measures. In the Risk Management Master's programme, you will focus on this. In addition, you will pay a lot of attention to interpersonal skills, such as advising, influencing, convincing and communicating. With this broad-based master's programme, you will push your limits and increase your knowledge and skills. You will do this by working on them in your own practice every day. This way you will bring your organisation's risk policy to a higher level. You will develop a clear vision of all aspects of risk management. You will grow into a broad-oriented risk manager, who will assess and adequately manage risks, in line with what the organisation wants to achieve with risk management.",,4.5,,,"Program name: Risicomanagement
Program name (EN): Risk Management
Type: Master | Variant: Parttime
Cluster: Business Administration and Management
URL: https://www.dehaagsehogeschool.nl/opleidingen/hbo-master/master-risicomanagement
Description: You have been working as a risk manager at a large organisation for several years and you are constantly working to assess risk derivatives and take appropriate measures. In the Risk Management Master's programme, you will focus on this. In addition, you will pay a lot of attention to interpersonal skills, such as advising, influencing, convincing and communicating. With this broad-based master's programme, you will push your limits and increase your knowledge and skills. You will do this by working on them in your own practice every day. This way you will bring your organisation's risk policy to a higher level. You will develop a clear vision of all aspects of risk management. You will grow into a broad-oriented risk manager, who will assess and adequately manage risks, in line with what the organisation wants to achieve with risk management.
Overall opinion score: 4.5
Unique ID: 15544_1"
18588_0,18588,Social Work,Social Work,Bachelor,Fulltime,Social Work,https://www.dehaagsehogeschool.nl/opleidingen/hbo-bachelor/social-work-voltijd,"Make a positive impact on the lives of others, which appeals to you. Making things matter. For example, as a youth worker, an out-of-work mentor or a teacher. In the Social Work programme, you support people in everyday life, so that the quality of life increases. You learn everything about promoting social cohesion, inclusiveness and participation of citizens at school and in practice. For example, you start working with the guidance of a family and bringing together and supporting neighbourhood residents. You also get the right tools to tackle poverty, social inequalities and exclusion. In the third year, you choose the flow profile (Youth, Care or Welfare and Society) that suits you best. As a social worker, you have a positive impact on the lives of others!",,3.5520231214,68.651,933.0,"Program name: Social Work
Program name (EN): Social Work
Type: Bachelor | Variant: Fulltime
Cluster: Social Work
URL: https://www.dehaagsehogeschool.nl/opleidingen/hbo-bachelor/social-work-voltijd
Description: Make a positive impact on the lives of others, which appeals to you. Making things matter. For example, as a youth worker, an out-of-work mentor or a teacher. In the Social Work programme, you support people in everyday life, so that the quality of life increases. You learn everything about promoting social cohesion, inclusiveness and participation of citizens at school and in practice. For example, you start working with the guidance of a family and bringing together and supporting neighbourhood residents. You also get the right tools to tackle poverty, social inequalities and exclusion. In the third year, you choose the flow profile (Youth, Care or Welfare and Society) that suits you best. As a social worker, you have a positive impact on the lives of others!
Overall opinion score: 3.5520231214
First-year female %: 68.651
Student count: 933.0
Unique ID: 18588_0"
18588_1,18588,Social Work,Social Work,Bachelor,Parttime,Social Work,https://www.dehaagsehogeschool.nl/opleidingen/hbo-bachelor/social-work-deeltijd,"In your work you like to get the best out of people and in yourself. During the dual social work programme, you will learn how to help people yourself. You will develop new knowledge and skills and start working on the challenges you face as a professional (oncoming) player. Think of: participation, direction at the client, medicalisation and changes in society. You will use the theory and research results to improve the quality of the work in the social domain. You will also exchange knowledge and experience with experts from the practice, teachers and fellow students. Thanks to the flexible program of this programme, you can decide in which order you follow the modules and at what pace. So you choose a learning route that suits you.",,3.5520231214,68.651,933.0,"Program name: Social Work
Program name (EN): Social Work
Type: Bachelor | Variant: Parttime
Cluster: Social Work
URL: https://www.dehaagsehogeschool.nl/opleidingen/hbo-bachelor/social-work-deeltijd
Description: In your work you like to get the best out of people and in yourself. During the dual social work programme, you will learn how to help people yourself. You will develop new knowledge and skills and start working on the challenges you face as a professional (oncoming) player. Think of: participation, direction at the client, medicalisation and changes in society. You will use the theory and research results to improve the quality of the work in the social domain. You will also exchange knowledge and experience with experts from the practice, teachers and fellow students. Thanks to the flexible program of this programme, you can decide in which order you follow the modules and at what pace. So you choose a learning route that suits you.
Overall opinion score: 3.5520231214
First-year female %: 68.651
Student count: 933.0
Unique ID: 18588_1"
18588_2,18588,Social Work,Social Work,Bachelor,Dual,Social Work,https://www.dehaagsehogeschool.nl/opleidingen/hbo-bachelor/social-work-duaal,"In addition to your own valuable experiences, you will learn how to work together with vulnerable people to find solutions to the problems they experience in their lives. In addition, you will use your talents and knowledge to inspire and motivate colleagues and volunteers to do their work as well as possible. You will start working with challenges that you will encounter in practice, such as participation, direction by the client, changing society and medicalisation. You will use the theory and research results to improve the quality of work in the social domain. You will also exchange knowledge and experiences with experts from practice, lecturers and fellow students. You will grow into a professional who can work effortlessly with other disciplines and who dare to work for his field.",,3.5520231214,68.651,933.0,"Program name: Social Work
Program name (EN): Social Work
Type: Bachelor | Variant: Dual
Cluster: Social Work
URL: https://www.dehaagsehogeschool.nl/opleidingen/hbo-bachelor/social-work-duaal
Description: In addition to your own valuable experiences, you will learn how to work together with vulnerable people to find solutions to the problems they experience in their lives. In addition, you will use your talents and knowledge to inspire and motivate colleagues and volunteers to do their work as well as possible. You will start working with challenges that you will encounter in practice, such as participation, direction by the client, changing society and medicalisation. You will use the theory and research results to improve the quality of work in the social domain. You will also exchange knowledge and experiences with experts from practice, lecturers and fellow students. You will grow into a professional who can work effortlessly with other disciplines and who dare to work for his field.
Overall opinion score: 3.5520231214
First-year female %: 68.651
Student count: 933.0
Unique ID: 18588_2"
20172_1,20172,Cyber Security Engineering,Cyber Security Engineering,Master,Parttime,Computer Science,https://www.dehaagsehogeschool.nl/opleidingen/hbo-master/master-cyber-security-engineering,"As a society, we have become increasingly dependent on cyberspace. All day long, we use the Internet to regulate business and exchange data. As a result, cyberspace has been one of the favorite targets of criminal organizations for years. Phishing, ransomware, viruses: they cost small and large companies a lot of money. To protect your organisation from this type of risk derivatives, you would like to grow to the role of leading technical specialist in cybersecurity. In the master's Cyber Security Engineering programme, you will learn everything you need to do. You will start to develop and implement ICT-related security solutions that fit your organisation's needs. You will also be able to practice your research skills.",,4.0,,,"Program name: Cyber Security Engineering
Program name (EN): Cyber Security Engineering
Type: Master | Variant: Parttime
Cluster: Computer Science
URL: https://www.dehaagsehogeschool.nl/opleidingen/hbo-master/master-cyber-security-engineering
Description: As a society, we have become increasingly dependent on cyberspace. All day long, we use the Internet to regulate business and exchange data. As a result, cyberspace has been one of the favorite targets of criminal organizations for years. Phishing, ransomware, viruses: they cost small and large companies a lot of money. To protect your organisation from this type of risk derivatives, you would like to grow to the role of leading technical specialist in cybersecurity. In the master's Cyber Security Engineering programme, you will learn everything you need to do. You will start to develop and implement ICT-related security solutions that fit your organisation's needs. You will also be able to practice your research skills.
Overall opinion score: 4.0
Unique ID: 20172_1"
20572_0,20572,Integrale Bedrijfsvoering,Integrated Business Support,Master,Fulltime,Business Administration and Management,https://www.dehaagsehogeschool.nl/opleidingen/hbo-master/master-integrale-bedrijfsvoering,"Unique in the Netherlands: as the first institution for higher education, De Haagse Hogeschool offers a master's degree in Integrated Business Management. In this full-time master you develop yourself into the manager or advisor of the future that connects people and simplifies processes. After this one-year master you know how to work together optimally. You guarantee the efficiency, impact and sustainability of the organization, which companies and institutions need to do. During this master you develop your academic and professional skills and learn how to balance in people, services and processes. You also look at the instruments, systems and arrangements that can increase the coherence within the organisation. You take into account the advancing digitisation without losing the personal aspect of the organisation.",,3.5151515152,44.928,,"Program name: Integrale Bedrijfsvoering
Program name (EN): Integrated Business Support
Type: Master | Variant: Fulltime
Cluster: Business Administration and Management
URL: https://www.dehaagsehogeschool.nl/opleidingen/hbo-master/master-integrale-bedrijfsvoering
Description: Unique in the Netherlands: as the first institution for higher education, De Haagse Hogeschool offers a master's degree in Integrated Business Management. In this full-time master you develop yourself into the manager or advisor of the future that connects people and simplifies processes. After this one-year master you know how to work together optimally. You guarantee the efficiency, impact and sustainability of the organization, which companies and institutions need to do. During this master you develop your academic and professional skills and learn how to balance in people, services and processes. You also look at the instruments, systems and arrangements that can increase the coherence within the organisation. You take into account the advancing digitisation without losing the personal aspect of the organisation.
Overall opinion score: 3.5151515152
First-year female %: 44.928
Unique ID: 20572_0"
20572_1,20572,Integrale Bedrijfsvoering,Integrated Business Support,Master,Parttime,Business Administration and Management,https://www.dehaagsehogeschool.nl/opleidingen/hbo-master/master-integrale-bedrijfsvoering-deeltijd,"With the Master's degree in Integral Business Management, you will develop yourself into a manager and advisor of the future. Within your organisation, you will become a bridge builder that connects people and departments and aims to simplify the processes. This master's programme will teach you everything about integrated business management and how to ensure that support services work optimally together. You will guarantee the efficiency, impact and sustainability of the organisation. You will thus be the focal point for many companies and institutions. This master's programme has a broad scope and a sharp focus, in which you work on concrete tasks in your daily practice. You will develop your academic and professional skills and learn how to balance in people, services and processes. In doing so, you will not lose sight of the individual, despite the ongoing digitisation. A well-functioning organisation must have the most of the people who work there.",,3.5151515152,44.928,,"Program name: Integrale Bedrijfsvoering
Program name (EN): Integrated Business Support
Type: Master | Variant: Parttime
Cluster: Business Administration and Management
URL: https://www.dehaagsehogeschool.nl/opleidingen/hbo-master/master-integrale-bedrijfsvoering-deeltijd
Description: With the Master's degree in Integral Business Management, you will develop yourself into a manager and advisor of the future. Within your organisation, you will become a bridge builder that connects people and departments and aims to simplify the processes. This master's programme will teach you everything about integrated business management and how to ensure that support services work optimally together. You will guarantee the efficiency, impact and sustainability of the organisation. You will thus be the focal point for many companies and institutions. This master's programme has a broad scope and a sharp focus, in which you work on concrete tasks in your daily practice. You will develop your academic and professional skills and learn how to balance in people, services and processes. In doing so, you will not lose sight of the individual, despite the ongoing digitisation. A well-functioning organisation must have the most of the people who work there.
Overall opinion score: 3.5151515152
First-year female %: 44.928
Unique ID: 20572_1"
20682_0,20682,E-commerce,E-commerce,Associate degree,Fulltime,Small Business and Retail Management,https://www.dehaagsehogeschool.nl/opleidingen/associate-degree/e-commerce-voltijd,"The 2-year AD E-commerce programme full-time allows you to become the professional who knows exactly what knowledge and skills are needed to successfully do online business. You want to become the expert working on different channels. You not only want to build and optimize a webshop, but also make e-commerce an important part of the business strategy. You want to be able to steer on data and you want to translate your creative ideas into commercial online actions that fit your business strategy. If your heart beats faster, this 2-year AD E-commerce programme is full-time.",,,33.333,13.0,"Program name: E-commerce
Program name (EN): E-commerce
Type: Associate degree | Variant: Fulltime
Cluster: Small Business and Retail Management
URL: https://www.dehaagsehogeschool.nl/opleidingen/associate-degree/e-commerce-voltijd
Description: The 2-year AD E-commerce programme full-time allows you to become the professional who knows exactly what knowledge and skills are needed to successfully do online business. You want to become the expert working on different channels. You not only want to build and optimize a webshop, but also make e-commerce an important part of the business strategy. You want to be able to steer on data and you want to translate your creative ideas into commercial online actions that fit your business strategy. If your heart beats faster, this 2-year AD E-commerce programme is full-time.
First-year female %: 33.333
Student count: 13.0
Unique ID: 20682_0"
20682_1,20682,E-commerce,E-commerce,Associate degree,Parttime,Small Business and Retail Management,https://www.dehaagsehogeschool.nl/opleidingen/associate-degree/e-commerce,"You want to grow, be coached and make your own choices in your current work within the e-commerce school. You can do this with the Associate degree programme E-commerce of De Haagse Hogeschool. You can put this together for a large part. You learn what you need and apply it directly to your work. You start working with webshops, internet marketing and payment systems, for example. You also deepen yourself in sales channels, logistics chains, earning models, conversion, optimization, marketing plans and sustainability. In short, you will learn everything to make your current job and your future career a success. You will do so at least one day a week at school and above all in your own work. Your products and projects will also be evaluated in practice, so you will eventually get your degree without exams.","This Ad programme is the perfect basis for a lifetime of developing, so that you are and will continue to be more attractive to employers. Now and in the future. With your diploma, you can move directly to another position with your current employer. Many of our students already make career steps during their education, because they apply directly in practice what they have learned at school and make the difference for their organisation. You can also continue studying, immediately after your education or later. In 2 years you can, for example, get the Bachelor's degree in Entrepreneurship & Retail Management.",,33.333,13.0,"Program name: E-commerce
Program name (EN): E-commerce
Type: Associate degree | Variant: Parttime
Cluster: Small Business and Retail Management
URL: https://www.dehaagsehogeschool.nl/opleidingen/associate-degree/e-commerce
Description: You want to grow, be coached and make your own choices in your current work within the e-commerce school. You can do this with the Associate degree programme E-commerce of De Haagse Hogeschool. You can put this together for a large part. You learn what you need and apply it directly to your work. You start working with webshops, internet marketing and payment systems, for example. You also deepen yourself in sales channels, logistics chains, earning models, conversion, optimization, marketing plans and sustainability. In short, you will learn everything to make your current job and your future career a success. You will do so at least one day a week at school and above all in your own work. Your products and projects will also be evaluated in practice, so you will eventually get your degree without exams.
Career prospects: This Ad programme is the perfect basis for a lifetime of developing, so that you are and will continue to be more attractive to employers. Now and in the future. With your diploma, you can move directly to another position with your current employer. Many of our students already make career steps during their education, because they apply directly in practice what they have learned at school and make the difference for their organisation. You can also continue studying, immediately after your education or later. In 2 years you can, for example, get the Bachelor's degree in Entrepreneurship & Retail Management.
First-year female %: 33.333
Student count: 13.0
Unique ID: 20682_1"
20682_2,20682,E-commerce,E-commerce,Associate degree,Dual,Small Business and Retail Management,https://www.dehaagsehogeschool.nl/opleidingen/associate-degree/e-commerce-duaal,"dual e-commerce: The 2-year E-commerce programme (Associate degree duale) will lead you to the specialist who translates the customer's needs and wishes into a future-proof business. After 2 years, you understand and improve the process of purchasing, assortment, pricing, sales, handling, return policy and aftercare. You have the technical, financial and process knowledge to sell products through various digital channels and platforms (omnichannel). You identify opportunities to optimize the webshop and increase conversion. You translate these opportunities into concrete improvements, using your knowledge about consumer behaviour, trends and developments. Sustainability is important within the training, because this is a topical and relevant issue within retail and e-commerce. As an advecker you see e-commerce as an integral part of your business strategy. You know how to give practical content to that strategy every day.",,,33.333,13.0,"Program name: E-commerce
Program name (EN): E-commerce
Type: Associate degree | Variant: Dual
Cluster: Small Business and Retail Management
URL: https://www.dehaagsehogeschool.nl/opleidingen/associate-degree/e-commerce-duaal
Description: dual e-commerce: The 2-year E-commerce programme (Associate degree duale) will lead you to the specialist who translates the customer's needs and wishes into a future-proof business. After 2 years, you understand and improve the process of purchasing, assortment, pricing, sales, handling, return policy and aftercare. You have the technical, financial and process knowledge to sell products through various digital channels and platforms (omnichannel). You identify opportunities to optimize the webshop and increase conversion. You translate these opportunities into concrete improvements, using your knowledge about consumer behaviour, trends and developments. Sustainability is important within the training, because this is a topical and relevant issue within retail and e-commerce. As an advecker you see e-commerce as an integral part of your business strategy. You know how to give practical content to that strategy every day.
First-year female %: 33.333
Student count: 13.0
Unique ID: 20682_2"
20685_1,20685,Online Marketing,Online Marketing,Associate degree,Parttime,Commercial Economics,https://www.dehaagsehogeschool.nl/opleidingen/associate-degree/online-marketing,"During this 2-year Associate Degree programme, you will learn everything about online marketing. You will explore and discover many new insights within your field. Because you work and learn at the same time, you will be able to use your new knowledge and skills immediately. You will discover how to apply proven marketing principles online and, above all, why they work so well. You will learn how to use data to develop effective content, websites and campaigns. Together with your fellow students, you will work on relevant issues, where you will learn a lot from each other. Everyone has different experiences from other organisations. And after this 2-year programme, you will not be ready to discover? Then opt for another bachelor's programme or for a master's programme. Online trends change continuously, so there will always be something new to learn!","This Ad programme is the perfect basis for a lifetime of developing, so that you are and will remain more attractive to employers. Now and in the future. With your diploma you can move directly to another position with your current employer. Many of our students already make career steps during their education, because they apply directly in practice what they have learned at school and make the difference for their organization. You can also continue studying, immediately after your education or later. In 2 years you can, for example, get the Bachelor's degree in Commercial Economy.",,37.5,24.0,"Program name: Online Marketing
Program name (EN): Online Marketing
Type: Associate degree | Variant: Parttime
Cluster: Commercial Economics
URL: https://www.dehaagsehogeschool.nl/opleidingen/associate-degree/online-marketing
Description: During this 2-year Associate Degree programme, you will learn everything about online marketing. You will explore and discover many new insights within your field. Because you work and learn at the same time, you will be able to use your new knowledge and skills immediately. You will discover how to apply proven marketing principles online and, above all, why they work so well. You will learn how to use data to develop effective content, websites and campaigns. Together with your fellow students, you will work on relevant issues, where you will learn a lot from each other. Everyone has different experiences from other organisations. And after this 2-year programme, you will not be ready to discover? Then opt for another bachelor's programme or for a master's programme. Online trends change continuously, so there will always be something new to learn!
Career prospects: This Ad programme is the perfect basis for a lifetime of developing, so that you are and will remain more attractive to employers. Now and in the future. With your diploma you can move directly to another position with your current employer. Many of our students already make career steps during their education, because they apply directly in practice what they have learned at school and make the difference for their organization. You can also continue studying, immediately after your education or later. In 2 years you can, for example, get the Bachelor's degree in Commercial Economy.
First-year female %: 37.5
Student count: 24.0
Unique ID: 20685_1"
20703_0,20703,Applied Data Science & Artificial Intelligence,Applied Data Science & Artificial Intelligence,Bachelor,Fulltime,Information Science,https://www.dehaagsehogeschool.nl/opleidingen/hbo-bachelor/applied-data-science-artificial-intelligence,"ChatGPT: writes and programming by studying billions of lines of text and code. This AI development is extremely fast and you can meet in all sectors. From healthcare, agriculture, marketing and right to development aid! Computers 'learn from data. Organisations can take those valuable knowledge-based decisions. Are you curious how this works? Follow the programme Applied Data Science & Artificial Intelligence in Zoetermeer or The Hague. Soon you will see: working with data and artificial intelligence means much more than just technology. You also look at the social and ethical side of it. What problem does an organization want to solve? What data is available? Do your solutions not unintentionally affect the privacy of individuals? The knowledge you gain about programming and machine learning, you learn how to apply in the organization for which you are going to work. In short, you learn by doing so.",,3.6444444444,15.19,80.0,"Program name: Applied Data Science & Artificial Intelligence
Program name (EN): Applied Data Science & Artificial Intelligence
Type: Bachelor | Variant: Fulltime
Cluster: Information Science
URL: https://www.dehaagsehogeschool.nl/opleidingen/hbo-bachelor/applied-data-science-artificial-intelligence
Description: ChatGPT: writes and programming by studying billions of lines of text and code. This AI development is extremely fast and you can meet in all sectors. From healthcare, agriculture, marketing and right to development aid! Computers 'learn from data. Organisations can take those valuable knowledge-based decisions. Are you curious how this works? Follow the programme Applied Data Science & Artificial Intelligence in Zoetermeer or The Hague. Soon you will see: working with data and artificial intelligence means much more than just technology. You also look at the social and ethical side of it. What problem does an organization want to solve? What data is available? Do your solutions not unintentionally affect the privacy of individuals? The knowledge you gain about programming and machine learning, you learn how to apply in the organization for which you are going to work. In short, you learn by doing so.
Overall opinion score: 3.6444444444
First-year female %: 15.19
Student count: 80.0
Unique ID: 20703_0"
20708_1,20708,Sociaal Werk,Social Work,Associate degree,Parttime,Social Work,https://www.dehaagsehogeschool.nl/opleidingen/associate-degree/sociaal-werk,"It's not easy for everyone to participate in society. You want to help people, so they can participate fully in society. During the 2-year Associate Degree Programme Social Work, you will develop your knowledge and yourself, so that you can make a difference in the lives of others. You will learn how to use healthcare technology and digitalisation to increase the quality of life. During the course, you will be active in your own work environment for at least 16 hours a week as a healthcare professional. This way you can put your new knowledge, skills and professional attitude into practice. The pace at which you learn, the learning route and the way of learning is determined by yourself. We provide professional and personal guidance and one learning meeting per week at De Haagse Hogeschool. This way you can develop yourself into a healthcare professional that can really help people, in collaboration with their relatives, care professionals and other care professionals.","This Ad programme is the perfect basis for a lifetime to develop, so that you are and will remain more attractive to employers. Now and in the future. After getting your degree, you can get started immediately, for example as an elderly worker, prevention worker, coordinating supervisor or care broker. With your knowledge and skills, you can make the difference in mental health care, nursing and care homes, addiction care, institutions for supervised living, rehabilitation centers, home care, prevention care, care farms and care for the elderly. You can also continue studying immediately after your education or later. In 2 years you can get the Bachelor's degree Social Work.",3.9565217391,76.471,64.0,"Program name: Sociaal Werk
Program name (EN): Social Work
Type: Associate degree | Variant: Parttime
Cluster: Social Work
URL: https://www.dehaagsehogeschool.nl/opleidingen/associate-degree/sociaal-werk
Description: It's not easy for everyone to participate in society. You want to help people, so they can participate fully in society. During the 2-year Associate Degree Programme Social Work, you will develop your knowledge and yourself, so that you can make a difference in the lives of others. You will learn how to use healthcare technology and digitalisation to increase the quality of life. During the course, you will be active in your own work environment for at least 16 hours a week as a healthcare professional. This way you can put your new knowledge, skills and professional attitude into practice. The pace at which you learn, the learning route and the way of learning is determined by yourself. We provide professional and personal guidance and one learning meeting per week at De Haagse Hogeschool. This way you can develop yourself into a healthcare professional that can really help people, in collaboration with their relatives, care professionals and other care professionals.
Career prospects: This Ad programme is the perfect basis for a lifetime to develop, so that you are and will remain more attractive to employers. Now and in the future. After getting your degree, you can get started immediately, for example as an elderly worker, prevention worker, coordinating supervisor or care broker. With your knowledge and skills, you can make the difference in mental health care, nursing and care homes, addiction care, institutions for supervised living, rehabilitation centers, home care, prevention care, care farms and care for the elderly. You can also continue studying immediately after your education or later. In 2 years you can get the Bachelor's degree Social Work.
Overall opinion score: 3.9565217391
First-year female %: 76.471
Student count: 64.0
Unique ID: 20708_1"
20708_2,20708,Sociaal Werk,Social Work,Associate degree,Dual,Social Work,https://www.dehaagsehogeschool.nl/opleidingen/associate-degree/sociaal-werk-duaal,"Do you work as a professional in Care of Well-being and want to develop yourself further? Then the dual Associate degree programme Social Work is written on your body! You will continue to work, but you will also follow flexible, thematic education. From different perspectives and with the use of care technology you will learn how to help people improve their quality of life. Thus, you will deepen your knowledge of hard-to-understand behavior, disease images, forms of recovery and methodical work. There is a lot of attention to working with other healthcare professionals, caregivers and family systems. You will be trained to contribute to a just and inclusive society in a metropolitan context. In 24 months you will combine work and learn and open your doors to a career as a social worker at HBO level. With your Ad diploma in pocket you can move to the third and fourth year of the Bachelor's programme Social Work.","This Ad programme is the perfect basis for a lifetime to develop, so that you are and will remain more attractive to employers. Now and in the future. After getting your degree, you can get started immediately, for example as an elderly worker, prevention worker, coordinating supervisor or care broker. With your knowledge and skills, you can make the difference in mental health care, nursing and care homes, addiction care, institutions for supervised living, rehabilitation centers, home care, prevention care, care farms and care for the elderly. You can also continue studying immediately after your education or later. In 2 years you can get the Bachelor's degree Social Work.",3.9565217391,76.471,64.0,"Program name: Sociaal Werk
Program name (EN): Social Work
Type: Associate degree | Variant: Dual
Cluster: Social Work
URL: https://www.dehaagsehogeschool.nl/opleidingen/associate-degree/sociaal-werk-duaal
Description: Do you work as a professional in Care of Well-being and want to develop yourself further? Then the dual Associate degree programme Social Work is written on your body! You will continue to work, but you will also follow flexible, thematic education. From different perspectives and with the use of care technology you will learn how to help people improve their quality of life. Thus, you will deepen your knowledge of hard-to-understand behavior, disease images, forms of recovery and methodical work. There is a lot of attention to working with other healthcare professionals, caregivers and family systems. You will be trained to contribute to a just and inclusive society in a metropolitan context. In 24 months you will combine work and learn and open your doors to a career as a social worker at HBO level. With your Ad diploma in pocket you can move to the third and fourth year of the Bachelor's programme Social Work.
Career prospects: This Ad programme is the perfect basis for a lifetime to develop, so that you are and will remain more attractive to employers. Now and in the future. After getting your degree, you can get started immediately, for example as an elderly worker, prevention worker, coordinating supervisor or care broker. With your knowledge and skills, you can make the difference in mental health care, nursing and care homes, addiction care, institutions for supervised living, rehabilitation centers, home care, prevention care, care farms and care for the elderly. You can also continue studying immediately after your education or later. In 2 years you can get the Bachelor's degree Social Work.
Overall opinion score: 3.9565217391
First-year female %: 76.471
Student count: 64.0
Unique ID: 20708_2"
10951_0,10951,HBO-ICT,Information & Communication Technology,Bachelor,Fulltime,Computer Science,https://www.dehaagsehogeschool.nl/opleidingen/hbo-bachelor/hbo-ict,"With ICT you can really go all the way. Whizzkid you don't need to be for this study. Do you like to build websites, gaming or programming? You will learn it all in the HBO-ICT programme. Exciting topics such as big data and cybersecurity are also covered. From supertech to business advisor: with a diploma HBO-ICT in your pocket everything is possible. In the fast development of automation you are always one step ahead of everyone, because you follow that development closely and know exactly what is going on. The first half of the year is the same in all locations and you get to know ICT in full width. Then you make a choice for a particular direction: Business & Data Management (location The Hague), Information Security Management (location Zoetermeer), Innovation Development (location Zoetermeer), Network & Systems Engineering (location Delft) and Software Engineering (location The Hague).","For now, The Hague University of Applied Sciences is the only one with a bachelor's programme in the field of information security in the Netherlands. With the programme Information Security Management, the Academy for ICT & Media in Zoetermeer offers its students an extra chance of a successful career in ICT. We expect our final candidates to have a job even before they actually graduate.",3.4122807018000003,5.882000000000001,431.0,"Program name: HBO-ICT
Program name (EN): Information & Communication Technology
Type: Bachelor | Variant: Fulltime
Cluster: Computer Science
URL: https://www.dehaagsehogeschool.nl/opleidingen/hbo-bachelor/hbo-ict
Description: With ICT you can really go all the way. Whizzkid you don't need to be for this study. Do you like to build websites, gaming or programming? You will learn it all in the HBO-ICT programme. Exciting topics such as big data and cybersecurity are also covered. From supertech to business advisor: with a diploma HBO-ICT in your pocket everything is possible. In the fast development of automation you are always one step ahead of everyone, because you follow that development closely and know exactly what is going on. The first half of the year is the same in all locations and you get to know ICT in full width. Then you make a choice for a particular direction: Business & Data Management (location The Hague), Information Security Management (location Zoetermeer), Innovation Development (location Zoetermeer), Network & Systems Engineering (location Delft) and Software Engineering (location The Hague).
Career prospects: For now, The Hague University of Applied Sciences is the only one with a bachelor's programme in the field of information security in the Netherlands. With the programme Information Security Management, the Academy for ICT & Media in Zoetermeer offers its students an extra chance of a successful career in ICT. We expect our final candidates to have a job even before they actually graduate.
Overall opinion score: 3.4122807018000003
First-year female %: 5.882000000000001
Student count: 431.0
Unique ID: 10951_0"
20568_0,20568,Applied Data Science & Artificial Intelligence,Applied Data Science & Artificial Intelligence,Bachelor,Fulltime,Information Science,https://www.dehaagsehogeschool.nl/opleidingen/hbo-bachelor/applied-data-science-artificial-intelligence,"ChatGPT: writes and programming by studying billions of lines of text and code. This AI development is extremely fast and you can meet in all sectors. From healthcare, agriculture, marketing and right to development aid! Computers 'learn from data. Organisations can take those valuable knowledge-based decisions. Are you curious how this works? Follow the programme Applied Data Science & Artificial Intelligence in Zoetermeer or The Hague. Soon you will see: working with data and artificial intelligence means much more than just technology. You also look at the social and ethical side of it. What problem does an organization want to solve? What data is available? Do your solutions not unintentionally affect the privacy of individuals? The knowledge you gain about programming and machine learning, you learn how to apply in the organization for which you are going to work. In short, you learn by doing so.","There is a lot of demand for ICT service providers, so there is a job guarantee after the training! In recent years, the number of vacancies available has reached a record level.",3.9838709677,14.815,81.0,"Program name: Applied Data Science & Artificial Intelligence
Program name (EN): Applied Data Science & Artificial Intelligence
Type: Bachelor | Variant: Fulltime
Cluster: Information Science
URL: https://www.dehaagsehogeschool.nl/opleidingen/hbo-bachelor/applied-data-science-artificial-intelligence
Description: ChatGPT: writes and programming by studying billions of lines of text and code. This AI development is extremely fast and you can meet in all sectors. From healthcare, agriculture, marketing and right to development aid! Computers 'learn from data. Organisations can take those valuable knowledge-based decisions. Are you curious how this works? Follow the programme Applied Data Science & Artificial Intelligence in Zoetermeer or The Hague. Soon you will see: working with data and artificial intelligence means much more than just technology. You also look at the social and ethical side of it. What problem does an organization want to solve? What data is available? Do your solutions not unintentionally affect the privacy of individuals? The knowledge you gain about programming and machine learning, you learn how to apply in the organization for which you are going to work. In short, you learn by doing so.
Career prospects: There is a lot of demand for ICT service providers, so there is a job guarantee after the training! In recent years, the number of vacancies available has reached a record level.
Overall opinion score: 3.9838709677
First-year female %: 14.815
Student count: 81.0
Unique ID: 20568_0"
